ISO-10303-21;
HEADER;
FILE_DESCRIPTION(('Open CASCADE Model'),'2;1');
FILE_NAME('Open CASCADE Shape Model','2026-10-04T14:38:43',('Author'),(
    'Open CASCADE'),'Open CASCADE STEP processor 7.8','Open CASCADE 7.8'
  ,'Unknown');
FILE_SCHEMA(('AUTOMOTIVE_DESIGN { 1 0 10303 214 1 1 1 1 }'));
ENDSEC;
DATA;
#1 = APPLICATION_PROTOCOL_DEFINITION('international standard',
  'automotive_design',2000,#2);
#2 = APPLICATION_CONTEXT(
  'core data for automotive mechanical design processes');
#3 = SHAPE_DEFINITION_REPRESENTATION(#4,#10);
#4 = PRODUCT_DEFINITION_SHAPE('','',#5);
#5 = PRODUCT_DEFINITION('design','',#6,#9);
#6 = PRODUCT_DEFINITION_FORMATION('','',#7);
#7 = PRODUCT('Open CASCADE STEP translator 7.8 2',
  'Open CASCADE STEP translator 7.8 2','',(#8));
#8 = PRODUCT_CONTEXT('',#2,'mechanical');
#9 = PRODUCT_DEFINITION_CONTEXT('part definition',#2,'design');
#10 = ADVANCED_BREP_SHAPE_REPRESENTATION('',(#11,#15),#2519);
#11 = AXIS2_PLACEMENT_3D('',#12,#13,#14);
#12 = CARTESIAN_POINT('',(0.,0.,0.));
#13 = DIRECTION('',(0.,0.,1.));
#14 = DIRECTION('',(1.,0.,-0.));
#15 = MANIFOLD_SOLID_BREP('',#16);
#16 = CLOSED_SHELL('',(#17,#301,#421,#605,#702,#782,#853,#860,#910,#1071
    ,#1181,#1290,#1399,#1508,#1617,#1651,#1888,#2048,#2136,#2375,#2463,
    #2470,#2477,#2484,#2491,#2498,#2505,#2512));
#17 = ADVANCED_FACE('',(#18),#66,.F.);
#18 = FACE_BOUND('',#19,.F.);
#19 = EDGE_LOOP('',(#20,#189,#216,#281));
#20 = ORIENTED_EDGE('',*,*,#21,.T.);
#21 = EDGE_CURVE('',#22,#24,#26,.T.);
#22 = VERTEX_POINT('',#23);
#23 = CARTESIAN_POINT('',(-4.688505933621E-02,2.70015876781,
    -2.499560319365));
#24 = VERTEX_POINT('',#25);
#25 = CARTESIAN_POINT('',(4.688505934679E-02,2.700143395531,
    2.499560319846));
#26 = SURFACE_CURVE('',#27,(#65,#143),.PCURVE_S1.);
#27 = B_SPLINE_CURVE_WITH_KNOTS('',3,(#28,#29,#30,#31,#32,#33,#34,#35,
    #36,#37,#38,#39,#40,#41,#42,#43,#44,#45,#46,#47,#48,#49,#50,#51,#52,
    #53,#54,#55,#56,#57,#58,#59,#60,#61,#62,#63,#64),.UNSPECIFIED.,.F.,
  .F.,(4,2,2,3,2,2,2,2,3,2,2,2,2,3,2,2,4),(7.873132753591E-02,
    0.502154830776,1.004309661551,2.011147607754,3.017809158297,
    3.519876012722,3.770752044117,3.896170403835,4.021588763561,
    4.147639541295,4.27369031901,4.523308716586,5.025377019126,
    6.032028746046,7.038866692258,7.541021523038,7.964445026273),
  .UNSPECIFIED.);
#28 = CARTESIAN_POINT('',(-4.688505933621E-02,2.70015876781,
    -2.499560319365));
#29 = CARTESIAN_POINT('',(9.384421952649E-02,2.70016088833,-2.5022000297
    ));
#30 = CARTESIAN_POINT('',(0.234592322345,2.700162969229,-2.492950956118)
  );
#31 = CARTESIAN_POINT('',(0.539014511976,2.700167382585,-2.446909197074)
  );
#32 = CARTESIAN_POINT('',(0.701253748044,2.700169677818,-2.405440592427)
  );
#33 = CARTESIAN_POINT('',(1.172707180247,2.700176173725,-2.233142527823)
  );
#34 = CARTESIAN_POINT('',(1.460967027304,2.700179905025,-2.056147617604)
  );
#35 = CARTESIAN_POINT('',(1.705806618141,2.700182811858,-1.827627910768)
  );
#36 = CARTESIAN_POINT('',(1.95064620896,2.700185718691,-1.599108203948)
  );
#37 = CARTESIAN_POINT('',(2.147073770132,2.700187741792,-1.323722745231)
  );
#38 = CARTESIAN_POINT('',(2.351432475365,2.700189269396,-0.865255209408)
  );
#39 = CARTESIAN_POINT('',(2.403976291521,2.700189524153,-0.706257214845)
  );
#40 = CARTESIAN_POINT('',(2.458406651034,2.700189520175,-0.46173943908)
  );
#41 = CARTESIAN_POINT('',(2.472451064963,2.70018945458,-0.379410467522)
  );
#42 = CARTESIAN_POINT('',(2.487300577198,2.700189260162,-0.25510181409)
  );
#43 = CARTESIAN_POINT('',(2.491211838293,2.700189179393,-0.213552507962)
  );
#44 = CARTESIAN_POINT('',(2.496950889712,2.700188986066,-0.130297165483)
  );
#45 = CARTESIAN_POINT('',(2.498777780592,2.700188873538,
    -8.860417719501E-02));
#46 = CARTESIAN_POINT('',(2.499560319551,2.700188745252,
    -4.6885058993E-02));
#47 = CARTESIAN_POINT('',(2.500346792227,2.700188616321,-4.956224531E-03
    ));
#48 = CARTESIAN_POINT('',(2.500078138586,2.700188471513,
    3.698576148399E-02));
#49 = CARTESIAN_POINT('',(2.497431088776,2.70018815042,0.120816399801));
#50 = CARTESIAN_POINT('',(2.495053111641,2.700187974186,0.162691781489)
  );
#51 = CARTESIAN_POINT('',(2.484830169513,2.700187402697,0.287255487518)
  );
#52 = CARTESIAN_POINT('',(2.473917473578,2.700186962452,0.369633629979)
  );
#53 = CARTESIAN_POINT('',(2.428771321616,2.700185459435,0.615605739427)
  );
#54 = CARTESIAN_POINT('',(2.382227527285,2.700184221131,0.776462477189)
  );
#55 = CARTESIAN_POINT('',(2.195204984349,2.700179851363,1.242273222372)
  );
#56 = CARTESIAN_POINT('',(2.009242949834,2.700176112587,1.524831286091)
  );
#57 = CARTESIAN_POINT('',(1.773145406303,2.700171772619,1.762372085887)
  );
#58 = CARTESIAN_POINT('',(1.537047862755,2.700167432652,1.999912885699)
  );
#59 = CARTESIAN_POINT('',(1.255628351329,2.700162579976,2.187593455422)
  );
#60 = CARTESIAN_POINT('',(0.790967979514,2.700154970443,2.377450508634)
  );
#61 = CARTESIAN_POINT('',(0.630397999712,2.70015240156,2.424974149881));
#62 = CARTESIAN_POINT('',(0.327916581577,2.700147670042,2.48239979568));
#63 = CARTESIAN_POINT('',(0.187614338428,2.700145516051,2.496920621268)
  );
#64 = CARTESIAN_POINT('',(4.688505934679E-02,2.700143395531,
    2.499560319846));
#65 = PCURVE('',#66,#71);
#66 = CYLINDRICAL_SURFACE('',#67,2.5);
#67 = AXIS2_PLACEMENT_3D('',#68,#69,#70);
#68 = CARTESIAN_POINT('',(-7.532904255926E-09,2.300008427737,
    -7.746440076062E-07));
#69 = DIRECTION('',(1.875676492061E-08,0.999999999998,1.936593534375E-06
    ));
#70 = DIRECTION('',(-2.150050731204E-22,1.936593534375E-06,
    -0.999999999998));
#71 = DEFINITIONAL_REPRESENTATION('',(#72),#142);
#72 = B_SPLINE_CURVE_WITH_KNOTS('',3,(#73,#74,#75,#76,#77,#78,#79,#80,
    #81,#82,#83,#84,#85,#86,#87,#88,#89,#90,#91,#92,#93,#94,#95,#96,#97,
    #98,#99,#100,#101,#102,#103,#104,#105,#106,#107,#108,#109,#110,#111,
    #112,#113,#114,#115,#116,#117,#118,#119,#120,#121,#122,#123,#124,
    #125,#126,#127,#128,#129,#130,#131,#132,#133,#134,#135,#136,#137,
    #138,#139,#140,#141),.UNSPECIFIED.,.F.,.F.,(4,1,1,1,1,1,1,1,1,1,1,1,
    1,1,1,1,1,1,1,1,1,1,1,1,1,1,1,1,1,1,1,1,1,1,1,1,1,1,1,1,1,1,1,1,1,1,
    1,1,1,1,1,1,1,1,1,1,1,1,1,1,1,1,1,1,1,1,4),(7.873132753591E-02,
    0.198211838123,0.31769234871,0.437172859297,0.556653369884,
    0.676133880471,0.795614391057,0.915094901644,1.034575412231,
    1.154055922818,1.273536433405,1.393016943992,1.512497454579,
    1.631977965166,1.751458475753,1.87093898634,1.990419496927,
    2.109900007514,2.2293805181,2.348861028687,2.468341539274,
    2.587822049861,2.707302560448,2.826783071035,2.946263581622,
    3.065744092209,3.185224602796,3.304705113383,3.42418562397,
    3.543666134557,3.663146645143,3.78262715573,3.902107666317,
    4.021588176904,4.141068687491,4.260549198078,4.380029708665,
    4.499510219252,4.618990729839,4.738471240426,4.857951751013,
    4.9774322616,5.096912772187,5.216393282773,5.33587379336,
    5.455354303947,5.574834814534,5.694315325121,5.813795835708,
    5.933276346295,6.052756856882,6.172237367469,6.291717878056,
    6.411198388643,6.53067889923,6.650159409816,6.769639920403,
    6.88912043099,7.008600941577,7.128081452164,7.247561962751,
    7.367042473338,7.486522983925,7.606003494512,7.725484005099,
    7.844964515686,7.964445026273),.QUASI_UNIFORM_KNOTS.);
#73 = CARTESIAN_POINT('',(6.301940430417,0.400145498562));
#74 = CARTESIAN_POINT('',(6.28605339932,0.400146096227));
#75 = CARTESIAN_POINT('',(6.254292476536,0.400147288908));
#76 = CARTESIAN_POINT('',(6.206661968936,0.400149067007));
#77 = CARTESIAN_POINT('',(6.159020108545,0.400150830986));
#78 = CARTESIAN_POINT('',(6.111322573012,0.400152578431));
#79 = CARTESIAN_POINT('',(6.063677203656,0.40015430142));
#80 = CARTESIAN_POINT('',(6.016045072224,0.400155997509));
#81 = CARTESIAN_POINT('',(5.968412254415,0.400157663371));
#82 = CARTESIAN_POINT('',(5.920711574683,0.400159297471));
#83 = CARTESIAN_POINT('',(5.873096257048,0.400160890857));
#84 = CARTESIAN_POINT('',(5.825566330331,0.400162440166));
#85 = CARTESIAN_POINT('',(5.778086773028,0.400163943221));
#86 = CARTESIAN_POINT('',(5.730632872208,0.400165397527));
#87 = CARTESIAN_POINT('',(5.683178024682,0.400166800665));
#88 = CARTESIAN_POINT('',(5.635695000056,0.400168150232));
#89 = CARTESIAN_POINT('',(5.588160878646,0.400169443695));
#90 = CARTESIAN_POINT('',(5.540533829515,0.40017067901));
#91 = CARTESIAN_POINT('',(5.492838891455,0.400171852322));
#92 = CARTESIAN_POINT('',(5.445277904581,0.400172956176));
#93 = CARTESIAN_POINT('',(5.397769076019,0.400173990438));
#94 = CARTESIAN_POINT('',(5.350299943393,0.400174953209));
#95 = CARTESIAN_POINT('',(5.302840019003,0.400175843065));
#96 = CARTESIAN_POINT('',(5.255364641406,0.400176658451));
#97 = CARTESIAN_POINT('',(5.207844724822,0.400177397868));
#98 = CARTESIAN_POINT('',(5.160261695644,0.40017805971));
#99 = CARTESIAN_POINT('',(5.112555805273,0.400178642758));
#100 = CARTESIAN_POINT('',(5.064899275179,0.400179143386));
#101 = CARTESIAN_POINT('',(5.017259625054,0.400179561053));
#102 = CARTESIAN_POINT('',(4.969616435864,0.40017989502));
#103 = CARTESIAN_POINT('',(4.921921956991,0.400180144688));
#104 = CARTESIAN_POINT('',(4.874235229924,0.400180309048));
#105 = CARTESIAN_POINT('',(4.826542704349,0.400180387813));
#106 = CARTESIAN_POINT('',(4.778842605427,0.400180380752));
#107 = CARTESIAN_POINT('',(4.731144118319,0.400180287869));
#108 = CARTESIAN_POINT('',(4.683446948391,0.400180109388));
#109 = CARTESIAN_POINT('',(4.635747556413,0.400179845696));
#110 = CARTESIAN_POINT('',(4.588055502813,0.400179497453));
#111 = CARTESIAN_POINT('',(4.540369441701,0.400179065498));
#112 = CARTESIAN_POINT('',(4.492675672969,0.400178550649));
#113 = CARTESIAN_POINT('',(4.445032830677,0.400177954836));
#114 = CARTESIAN_POINT('',(4.397393265084,0.400177278984));
#115 = CARTESIAN_POINT('',(4.349736536177,0.400176524306));
#116 = CARTESIAN_POINT('',(4.302030143393,0.400175691759));
#117 = CARTESIAN_POINT('',(4.254446651407,0.400174786432));
#118 = CARTESIAN_POINT('',(4.206926265683,0.400173809746));
#119 = CARTESIAN_POINT('',(4.159450423904,0.400172763737));
#120 = CARTESIAN_POINT('',(4.111990036003,0.400171650264));
#121 = CARTESIAN_POINT('',(4.064520441587,0.400170471271));
#122 = CARTESIAN_POINT('',(4.017011148399,0.400169228544));
#123 = CARTESIAN_POINT('',(3.969449706641,0.400167924414));
#124 = CARTESIAN_POINT('',(3.921754273024,0.400166559185));
#125 = CARTESIAN_POINT('',(3.874127356679,0.400165141606));
#126 = CARTESIAN_POINT('',(3.826593199689,0.400163675953));
#127 = CARTESIAN_POINT('',(3.779110184598,0.400162164475));
#128 = CARTESIAN_POINT('',(3.731655334518,0.400160609959));
#129 = CARTESIAN_POINT('',(3.684201434383,0.400159015056));
#130 = CARTESIAN_POINT('',(3.636721876897,0.400157382431));
#131 = CARTESIAN_POINT('',(3.58919195023,0.400155714829));
#132 = CARTESIAN_POINT('',(3.541576632583,0.400154014656));
#133 = CARTESIAN_POINT('',(3.493875952855,0.400152285595));
#134 = CARTESIAN_POINT('',(3.446243135045,0.40015053712));
#135 = CARTESIAN_POINT('',(3.398611003614,0.400148770798));
#136 = CARTESIAN_POINT('',(3.350965634258,0.400146990105));
#137 = CARTESIAN_POINT('',(3.303268098725,0.400145197603));
#138 = CARTESIAN_POINT('',(3.255626238334,0.400143401414));
#139 = CARTESIAN_POINT('',(3.207995730735,0.40014160396));
#140 = CARTESIAN_POINT('',(3.17623480795,0.400140406971));
#141 = CARTESIAN_POINT('',(3.160347776854,0.400139809306));
#142 = ( GEOMETRIC_REPRESENTATION_CONTEXT(2) 
PARAMETRIC_REPRESENTATION_CONTEXT() REPRESENTATION_CONTEXT('2D SPACE',''
  ) );
#143 = PCURVE('',#144,#149);
#144 = PLANE('',#145);
#145 = AXIS2_PLACEMENT_3D('',#146,#147,#148);
#146 = CARTESIAN_POINT('',(-12.50421104345,2.700008427734,
    -12.49578753743));
#147 = DIRECTION('',(1.110223024625E-16,-1.,0.));
#148 = DIRECTION('',(0.,0.,1.));
#149 = DEFINITIONAL_REPRESENTATION('',(#150),#188);
#150 = B_SPLINE_CURVE_WITH_KNOTS('',3,(#151,#152,#153,#154,#155,#156,
    #157,#158,#159,#160,#161,#162,#163,#164,#165,#166,#167,#168,#169,
    #170,#171,#172,#173,#174,#175,#176,#177,#178,#179,#180,#181,#182,
    #183,#184,#185,#186,#187),.UNSPECIFIED.,.F.,.F.,(4,2,2,3,2,2,2,2,3,2
    ,2,2,2,3,2,2,4),(7.873132753591E-02,0.502154830776,1.004309661551,
    2.011147607754,3.017809158297,3.519876012722,3.770752044117,
    3.896170403835,4.021588763561,4.147639541295,4.27369031901,
    4.523308716586,5.025377019126,6.032028746046,7.038866692258,
    7.541021523038,7.964445026273),.UNSPECIFIED.);
#151 = CARTESIAN_POINT('',(9.996227218069,-12.45732598412));
#152 = CARTESIAN_POINT('',(9.993587507734,-12.59805526298));
#153 = CARTESIAN_POINT('',(10.002836581316,-12.7388033658));
#154 = CARTESIAN_POINT('',(10.04887834036,-13.04322555543));
#155 = CARTESIAN_POINT('',(10.090346945007,-13.2054647915));
#156 = CARTESIAN_POINT('',(10.262645009611,-13.6769182237));
#157 = CARTESIAN_POINT('',(10.43963991983,-13.96517807076));
#158 = CARTESIAN_POINT('',(10.668159626666,-14.21001766159));
#159 = CARTESIAN_POINT('',(10.896679333486,-14.45485725241));
#160 = CARTESIAN_POINT('',(11.172064792203,-14.65128481358));
#161 = CARTESIAN_POINT('',(11.630532328026,-14.85564351882));
#162 = CARTESIAN_POINT('',(11.789530322589,-14.90818733497));
#163 = CARTESIAN_POINT('',(12.034048098354,-14.96261769449));
#164 = CARTESIAN_POINT('',(12.116377069912,-14.97666210842));
#165 = CARTESIAN_POINT('',(12.240685723344,-14.99151162065));
#166 = CARTESIAN_POINT('',(12.282235029472,-14.99542288175));
#167 = CARTESIAN_POINT('',(12.365490371951,-15.00116193316));
#168 = CARTESIAN_POINT('',(12.407183360239,-15.00298882404));
#169 = CARTESIAN_POINT('',(12.448902478441,-15.003771363));
#170 = CARTESIAN_POINT('',(12.490831312903,-15.00455783568));
#171 = CARTESIAN_POINT('',(12.532773298918,-15.00428918204));
#172 = CARTESIAN_POINT('',(12.616603937235,-15.00164213223));
#173 = CARTESIAN_POINT('',(12.658479318923,-14.99926415509));
#174 = CARTESIAN_POINT('',(12.783043024952,-14.98904121297));
#175 = CARTESIAN_POINT('',(12.865421167413,-14.97812851703));
#176 = CARTESIAN_POINT('',(13.111393276861,-14.93298236507));
#177 = CARTESIAN_POINT('',(13.272250014623,-14.88643857074));
#178 = CARTESIAN_POINT('',(13.738060759806,-14.6994160278));
#179 = CARTESIAN_POINT('',(14.020618823525,-14.51345399329));
#180 = CARTESIAN_POINT('',(14.258159623321,-14.27735644975));
#181 = CARTESIAN_POINT('',(14.495700423133,-14.04125890621));
#182 = CARTESIAN_POINT('',(14.683380992856,-13.75983939478));
#183 = CARTESIAN_POINT('',(14.873238046068,-13.29517902297));
#184 = CARTESIAN_POINT('',(14.920761687315,-13.13460904316));
#185 = CARTESIAN_POINT('',(14.978187333114,-12.83212762503));
#186 = CARTESIAN_POINT('',(14.992708158702,-12.69182538188));
#187 = CARTESIAN_POINT('',(14.99534785728,-12.5510961028));
#188 = ( GEOMETRIC_REPRESENTATION_CONTEXT(2) 
PARAMETRIC_REPRESENTATION_CONTEXT() REPRESENTATION_CONTEXT('2D SPACE',''
  ) );
#189 = ORIENTED_EDGE('',*,*,#190,.T.);
#190 = EDGE_CURVE('',#24,#191,#193,.T.);
#191 = VERTEX_POINT('',#192);
#192 = CARTESIAN_POINT('',(4.688502555969E-02,0.900003586229,
    2.499556833707));
#193 = SURFACE_CURVE('',#194,(#197,#204),.PCURVE_S1.);
#194 = B_SPLINE_CURVE_WITH_KNOTS('',1,(#195,#196),.UNSPECIFIED.,.F.,.F.,
  (2,2),(0.999860190701,2.800000000005),.PIECEWISE_BEZIER_KNOTS.);
#195 = CARTESIAN_POINT('',(4.688505934679E-02,2.700143395531,
    2.499560319846));
#196 = CARTESIAN_POINT('',(4.688502555969E-02,0.900003586229,
    2.499556833707));
#197 = PCURVE('',#66,#198);
#198 = DEFINITIONAL_REPRESENTATION('',(#199),#203);
#199 = LINE('',#200,#201);
#200 = CARTESIAN_POINT('',(3.160347776859,1.400000000007));
#201 = VECTOR('',#202,1.);
#202 = DIRECTION('',(-4.957130849839E-12,-1.));
#203 = ( GEOMETRIC_REPRESENTATION_CONTEXT(2) 
PARAMETRIC_REPRESENTATION_CONTEXT() REPRESENTATION_CONTEXT('2D SPACE',''
  ) );
#204 = PCURVE('',#205,#210);
#205 = CYLINDRICAL_SURFACE('',#206,2.5);
#206 = AXIS2_PLACEMENT_3D('',#207,#208,#209);
#207 = CARTESIAN_POINT('',(-7.532804779943E-09,2.300008427742,
    -7.746440076062E-07));
#208 = DIRECTION('',(1.875690705766E-08,0.999999999998,
    1.936593534552E-06));
#209 = DIRECTION('',(-2.150050857618E-22,1.936593534552E-06,
    -0.999999999998));
#210 = DEFINITIONAL_REPRESENTATION('',(#211),#215);
#211 = LINE('',#212,#213);
#212 = CARTESIAN_POINT('',(3.160347776859,1.400000000002));
#213 = VECTOR('',#214,1.);
#214 = DIRECTION('',(-4.900390524595E-12,-1.));
#215 = ( GEOMETRIC_REPRESENTATION_CONTEXT(2) 
PARAMETRIC_REPRESENTATION_CONTEXT() REPRESENTATION_CONTEXT('2D SPACE',''
  ) );
#216 = ORIENTED_EDGE('',*,*,#217,.T.);
#217 = EDGE_CURVE('',#191,#218,#220,.T.);
#218 = VERTEX_POINT('',#219);
#219 = CARTESIAN_POINT('',(-4.688509312331E-02,0.900013269254,
    -2.499563805515));
#220 = SURFACE_CURVE('',#221,(#226,#233),.PCURVE_S1.);
#221 = CIRCLE('',#222,2.500000000037);
#222 = AXIS2_PLACEMENT_3D('',#223,#224,#225);
#223 = CARTESIAN_POINT('',(-3.373260428763E-08,0.900008427742,
    -3.485904997547E-06));
#224 = DIRECTION('',(1.876043664043E-08,0.999999999998,
    1.936593631771E-06));
#225 = DIRECTION('',(1.875402371667E-02,-1.936604872524E-06,
    0.99982412783));
#226 = PCURVE('',#66,#227);
#227 = DEFINITIONAL_REPRESENTATION('',(#228),#232);
#228 = LINE('',#229,#230);
#229 = CARTESIAN_POINT('',(3.160347776845,-1.399999999998));
#230 = VECTOR('',#231,1.);
#231 = DIRECTION('',(1.,2.646221494985E-13));
#232 = ( GEOMETRIC_REPRESENTATION_CONTEXT(2) 
PARAMETRIC_REPRESENTATION_CONTEXT() REPRESENTATION_CONTEXT('2D SPACE',''
  ) );
#233 = PCURVE('',#234,#253);
#234 = ( BOUNDED_SURFACE() B_SPLINE_SURFACE(1,2,(
    (#235,#236,#237,#238,#239,#240,#241,#242,#243)
    ,(#244,#245,#246,#247,#248,#249,#250,#251,#252
)),.UNSPECIFIED.,.F.,.T.,.F.) B_SPLINE_SURFACE_WITH_KNOTS((2,2),(1,2,2,2
    ,2,2,1),(0.,4.24869765199),(-1.570796326795,0.,1.570796326795,
    3.14159265359,4.712388980385,6.28318530718,7.853981633974),
.UNSPECIFIED.) GEOMETRIC_REPRESENTATION_ITEM() RATIONAL_B_SPLINE_SURFACE
((
    (1.,0.707106781187,1.,0.707106781187,1.,0.707106781187,1.
      ,0.707106781187,1.)
    ,(1.,0.707106781187,1.,0.707106781187,1.,0.707106781187,1.
,0.707106781187,1.))) REPRESENTATION_ITEM('') SURFACE() );
#235 = CARTESIAN_POINT('',(1.314359080462E-08,3.400008384015,
    1.355606997322E-06));
#236 = CARTESIAN_POINT('',(1.314359080462E-08,3.400008384015,
    1.355606997322E-06));
#237 = CARTESIAN_POINT('',(1.314359080462E-08,3.400008384015,
    1.355606997322E-06));
#238 = CARTESIAN_POINT('',(1.314359080462E-08,3.400008384015,
    1.355606997322E-06));
#239 = CARTESIAN_POINT('',(1.314359080462E-08,3.400008384015,
    1.355606997322E-06));
#240 = CARTESIAN_POINT('',(1.314359080462E-08,3.400008384015,
    1.355606997322E-06));
#241 = CARTESIAN_POINT('',(1.314359080462E-08,3.400008384015,
    1.355606997322E-06));
#242 = CARTESIAN_POINT('',(1.314359080462E-08,3.400008384015,
    1.355606997322E-06));
#243 = CARTESIAN_POINT('',(1.314359080462E-08,3.400008384015,
    1.355606997322E-06));
#244 = CARTESIAN_POINT('',(-3.003754620669,0.395725436601,
    5.633793125699E-02));
#245 = CARTESIAN_POINT('',(-3.060097014391,0.395731254707,
    -2.947416646188));
#246 = CARTESIAN_POINT('',(-5.634243694071E-02,0.395731307467,
    -3.003759039911));
#247 = CARTESIAN_POINT('',(2.94741214051,0.395731360228,-3.060101433633)
  );
#248 = CARTESIAN_POINT('',(3.003754534232,0.395725542121,
    -5.6346856188E-02));
#249 = CARTESIAN_POINT('',(3.060096927955,0.395719724015,2.947407721257)
  );
#250 = CARTESIAN_POINT('',(5.63423505042E-02,0.395719671255,
    3.003750114979));
#251 = CARTESIAN_POINT('',(-2.947412226946,0.395719618494,3.060092508702
    ));
#252 = CARTESIAN_POINT('',(-3.003754620669,0.395725436601,
    5.633793125699E-02));
#253 = DEFINITIONAL_REPRESENTATION('',(#254),#280);
#254 = B_SPLINE_CURVE_WITH_KNOTS('',3,(#255,#256,#257,#258,#259,#260,
    #261,#262,#263,#264,#265,#266,#267,#268,#269,#270,#271,#272,#273,
    #274,#275,#276,#277,#278,#279),.UNSPECIFIED.,.F.,.F.,(4,1,1,1,1,1,1,
    1,1,1,1,1,1,1,1,1,1,1,1,1,1,1,4),(0.,0.142799666074,0.285599332148,
    0.428398998222,0.571198664296,0.71399833037,0.856797996444,
    0.999597662518,1.142397328592,1.285196994666,1.427996660741,
    1.570796326815,1.713595992889,1.856395658963,1.999195325037,
    2.141994991111,2.284794657185,2.427594323259,2.570393989333,
    2.713193655407,2.855993321481,2.998792987555,3.141592653629),
  .QUASI_UNIFORM_KNOTS.);
#255 = CARTESIAN_POINT('',(3.535533875024,4.712388980403));
#256 = CARTESIAN_POINT('',(3.535533875025,4.659545486965));
#257 = CARTESIAN_POINT('',(3.535533875026,4.556881019781));
#258 = CARTESIAN_POINT('',(3.53553387503,4.410076893685));
#259 = CARTESIAN_POINT('',(3.535533875033,4.268489263687));
#260 = CARTESIAN_POINT('',(3.535533875036,4.130495880865));
#261 = CARTESIAN_POINT('',(3.53553387504,3.994595402716));
#262 = CARTESIAN_POINT('',(3.535533875044,3.859387759329));
#263 = CARTESIAN_POINT('',(3.535533875048,3.723478112768));
#264 = CARTESIAN_POINT('',(3.535533875051,3.585521403595));
#265 = CARTESIAN_POINT('',(3.535533875055,3.443796247424));
#266 = CARTESIAN_POINT('',(3.535533875058,3.297505552381));
#267 = CARTESIAN_POINT('',(3.535533875061,3.141592653584));
#268 = CARTESIAN_POINT('',(3.535533875064,2.985679754788));
#269 = CARTESIAN_POINT('',(3.535533875066,2.839389059746));
#270 = CARTESIAN_POINT('',(3.535533875067,2.697663903577));
#271 = CARTESIAN_POINT('',(3.535533875069,2.559707194405));
#272 = CARTESIAN_POINT('',(3.535533875069,2.423797547846));
#273 = CARTESIAN_POINT('',(3.535533875069,2.288589904462));
#274 = CARTESIAN_POINT('',(3.535533875069,2.152689426315));
#275 = CARTESIAN_POINT('',(3.535533875068,2.014696043496));
#276 = CARTESIAN_POINT('',(3.535533875066,1.873108413501));
#277 = CARTESIAN_POINT('',(3.535533875065,1.726304287409));
#278 = CARTESIAN_POINT('',(3.535533875063,1.623639820228));
#279 = CARTESIAN_POINT('',(3.535533875062,1.570796326792));
#280 = ( GEOMETRIC_REPRESENTATION_CONTEXT(2) 
PARAMETRIC_REPRESENTATION_CONTEXT() REPRESENTATION_CONTEXT('2D SPACE',''
  ) );
#281 = ORIENTED_EDGE('',*,*,#282,.T.);
#282 = EDGE_CURVE('',#218,#22,#283,.T.);
#283 = SURFACE_CURVE('',#284,(#287,#294),.PCURVE_S1.);
#284 = B_SPLINE_CURVE_WITH_KNOTS('',1,(#285,#286),.UNSPECIFIED.,.F.,.F.,
  (2,2),(0.,1.80014549856),.PIECEWISE_BEZIER_KNOTS.);
#285 = CARTESIAN_POINT('',(-4.688509312331E-02,0.900013269254,
    -2.499563805515));
#286 = CARTESIAN_POINT('',(-4.688505933621E-02,2.70015876781,
    -2.499560319365));
#287 = PCURVE('',#66,#288);
#288 = DEFINITIONAL_REPRESENTATION('',(#289),#293);
#289 = LINE('',#290,#291);
#290 = CARTESIAN_POINT('',(6.301940430426,-1.399999999998));
#291 = VECTOR('',#292,1.);
#292 = DIRECTION('',(-4.931952161881E-12,1.));
#293 = ( GEOMETRIC_REPRESENTATION_CONTEXT(2) 
PARAMETRIC_REPRESENTATION_CONTEXT() REPRESENTATION_CONTEXT('2D SPACE',''
  ) );
#294 = PCURVE('',#205,#295);
#295 = DEFINITIONAL_REPRESENTATION('',(#296),#300);
#296 = LINE('',#297,#298);
#297 = CARTESIAN_POINT('',(1.875512324613E-02,-1.400000000003));
#298 = VECTOR('',#299,1.);
#299 = DIRECTION('',(-4.875185033555E-12,1.));
#300 = ( GEOMETRIC_REPRESENTATION_CONTEXT(2) 
PARAMETRIC_REPRESENTATION_CONTEXT() REPRESENTATION_CONTEXT('2D SPACE',''
  ) );
#301 = ADVANCED_FACE('',(#302),#234,.T.);
#302 = FACE_BOUND('',#303,.T.);
#303 = EDGE_LOOP('',(#304,#345,#346,#368));
#304 = ORIENTED_EDGE('',*,*,#305,.F.);
#305 = EDGE_CURVE('',#191,#306,#308,.T.);
#306 = VERTEX_POINT('',#307);
#307 = CARTESIAN_POINT('',(5.063582668059E-02,0.70000319891,
    2.699521275403));
#308 = SURFACE_CURVE('',#309,(#312,#319),.PCURVE_S1.);
#309 = B_SPLINE_CURVE_WITH_KNOTS('',1,(#310,#311),.UNSPECIFIED.,.F.,.F.,
  (2,2),(0.,0.282842714913),.PIECEWISE_BEZIER_KNOTS.);
#310 = CARTESIAN_POINT('',(4.688502555969E-02,0.900003586229,
    2.499556833707));
#311 = CARTESIAN_POINT('',(5.063582668059E-02,0.70000319891,
    2.699521275403));
#312 = PCURVE('',#234,#313);
#313 = DEFINITIONAL_REPRESENTATION('',(#314),#318);
#314 = LINE('',#315,#316);
#315 = CARTESIAN_POINT('',(3.535533875024,4.712388980403));
#316 = VECTOR('',#317,1.);
#317 = DIRECTION('',(1.,-9.156465121579E-11));
#318 = ( GEOMETRIC_REPRESENTATION_CONTEXT(2) 
PARAMETRIC_REPRESENTATION_CONTEXT() REPRESENTATION_CONTEXT('2D SPACE',''
  ) );
#319 = PCURVE('',#320,#339);
#320 = ( BOUNDED_SURFACE() B_SPLINE_SURFACE(1,2,(
    (#321,#322,#323,#324,#325,#326,#327,#328,#329)
    ,(#330,#331,#332,#333,#334,#335,#336,#337,#338
)),.UNSPECIFIED.,.F.,.T.,.F.) B_SPLINE_SURFACE_WITH_KNOTS((2,2),(1,2,2,2
    ,2,2,1),(0.,4.248637680471),(-1.570796326795,0.,1.570796326795,
    3.14159265359,4.712388980385,6.28318530718,7.853981633974),
.UNSPECIFIED.) GEOMETRIC_REPRESENTATION_ITEM() RATIONAL_B_SPLINE_SURFACE
((
    (1.,0.707106781187,1.,0.707106781187,1.,0.707106781187,1.
      ,0.707106781187,1.)
    ,(1.,0.707106781187,1.,0.707106781187,1.,0.707106781187,1.
,0.707106781187,1.))) REPRESENTATION_ITEM('') SURFACE() );
#321 = CARTESIAN_POINT('',(1.314359080462E-08,3.400008384009,
    1.355606997322E-06));
#322 = CARTESIAN_POINT('',(1.314359080462E-08,3.400008384009,
    1.355606997322E-06));
#323 = CARTESIAN_POINT('',(1.314359080462E-08,3.400008384009,
    1.355606997322E-06));
#324 = CARTESIAN_POINT('',(1.314359080462E-08,3.400008384009,
    1.355606997322E-06));
#325 = CARTESIAN_POINT('',(1.314359080462E-08,3.400008384009,
    1.355606997322E-06));
#326 = CARTESIAN_POINT('',(1.314359080462E-08,3.400008384009,
    1.355606997322E-06));
#327 = CARTESIAN_POINT('',(1.314359080462E-08,3.400008384009,
    1.355606997322E-06));
#328 = CARTESIAN_POINT('',(1.314359080462E-08,3.400008384009,
    1.355606997322E-06));
#329 = CARTESIAN_POINT('',(1.314359080462E-08,3.400008384009,
    1.355606997322E-06));
#330 = CARTESIAN_POINT('',(3.003712135423,0.395767948383,
    -5.6346060818E-02));
#331 = CARTESIAN_POINT('',(3.060053733857,0.395762130359,2.947366117817)
  );
#332 = CARTESIAN_POINT('',(5.634155521709E-02,0.395762077599,
    3.003707716251));
#333 = CARTESIAN_POINT('',(-2.947370623423,0.395762024839,3.060049314685
    ));
#334 = CARTESIAN_POINT('',(-3.003712221858,0.395767842863,
    5.6337136051E-02));
#335 = CARTESIAN_POINT('',(-3.060053820292,0.395773660887,
    -2.947375042584));
#336 = CARTESIAN_POINT('',(-5.634164165151E-02,0.395773713647,
    -3.003716641018));
#337 = CARTESIAN_POINT('',(2.947370536989,0.395773766407,-3.060058239453
    ));
#338 = CARTESIAN_POINT('',(3.003712135423,0.395767948383,
    -5.6346060818E-02));
#339 = DEFINITIONAL_REPRESENTATION('',(#340),#344);
#340 = LINE('',#341,#342);
#341 = CARTESIAN_POINT('',(3.53553387502,1.570796326813));
#342 = VECTOR('',#343,1.);
#343 = DIRECTION('',(1.,-9.14673054842E-11));
#344 = ( GEOMETRIC_REPRESENTATION_CONTEXT(2) 
PARAMETRIC_REPRESENTATION_CONTEXT() REPRESENTATION_CONTEXT('2D SPACE',''
  ) );
#345 = ORIENTED_EDGE('',*,*,#217,.T.);
#346 = ORIENTED_EDGE('',*,*,#347,.F.);
#347 = EDGE_CURVE('',#348,#218,#350,.T.);
#348 = VERTEX_POINT('',#349);
#349 = CARTESIAN_POINT('',(-5.06359016515E-02,0.700013656571,
    -2.699529021833));
#350 = SURFACE_CURVE('',#351,(#354,#361),.PCURVE_S1.);
#351 = B_SPLINE_CURVE_WITH_KNOTS('',1,(#352,#353),.UNSPECIFIED.,.F.,.F.,
  (2,2),(0.,0.282842714906),.PIECEWISE_BEZIER_KNOTS.);
#352 = CARTESIAN_POINT('',(-5.06359016515E-02,0.700013656571,
    -2.699529021833));
#353 = CARTESIAN_POINT('',(-4.688509312331E-02,0.900013269254,
    -2.499563805515));
#354 = PCURVE('',#234,#355);
#355 = DEFINITIONAL_REPRESENTATION('',(#356),#360);
#356 = LINE('',#357,#358);
#357 = CARTESIAN_POINT('',(3.818376589968,1.570796326807));
#358 = VECTOR('',#359,1.);
#359 = DIRECTION('',(-1.,-5.448220784809E-11));
#360 = ( GEOMETRIC_REPRESENTATION_CONTEXT(2) 
PARAMETRIC_REPRESENTATION_CONTEXT() REPRESENTATION_CONTEXT('2D SPACE',''
  ) );
#361 = PCURVE('',#320,#362);
#362 = DEFINITIONAL_REPRESENTATION('',(#363),#367);
#363 = LINE('',#364,#365);
#364 = CARTESIAN_POINT('',(3.818376589964,4.712388980397));
#365 = VECTOR('',#366,1.);
#366 = DIRECTION('',(-1.,-5.449162840275E-11));
#367 = ( GEOMETRIC_REPRESENTATION_CONTEXT(2) 
PARAMETRIC_REPRESENTATION_CONTEXT() REPRESENTATION_CONTEXT('2D SPACE',''
  ) );
#368 = ORIENTED_EDGE('',*,*,#369,.F.);
#369 = EDGE_CURVE('',#306,#348,#370,.T.);
#370 = SURFACE_CURVE('',#371,(#376,#405),.PCURVE_S1.);
#371 = CIRCLE('',#372,2.700000003479);
#372 = AXIS2_PLACEMENT_3D('',#373,#374,#375);
#373 = CARTESIAN_POINT('',(-3.753550004149E-08,0.70000842774,
    -3.873213998418E-06));
#374 = DIRECTION('',(1.876041878809E-08,0.999999999998,
    1.936592668553E-06));
#375 = DIRECTION('',(1.875402375958E-02,-1.93660390914E-06,
    0.999824127829));
#376 = PCURVE('',#234,#377);
#377 = DEFINITIONAL_REPRESENTATION('',(#378),#404);
#378 = B_SPLINE_CURVE_WITH_KNOTS('',3,(#379,#380,#381,#382,#383,#384,
    #385,#386,#387,#388,#389,#390,#391,#392,#393,#394,#395,#396,#397,
    #398,#399,#400,#401,#402,#403),.UNSPECIFIED.,.F.,.F.,(4,1,1,1,1,1,1,
    1,1,1,1,1,1,1,1,1,1,1,1,1,1,1,4),(0.,0.142799666071,0.285599332141,
    0.428398998212,0.571198664282,0.713998330353,0.856797996423,
    0.999597662494,1.142397328565,1.285196994635,1.427996660706,
    1.570796326776,1.713595992847,1.856395658917,1.999195324988,
    2.141994991059,2.284794657129,2.4275943232,2.57039398927,
    2.713193655341,2.855993321412,2.998792987482,3.141592653553),
  .QUASI_UNIFORM_KNOTS.);
#379 = CARTESIAN_POINT('',(3.818376589938,4.712388980377));
#380 = CARTESIAN_POINT('',(3.818376589937,4.659545486941));
#381 = CARTESIAN_POINT('',(3.818376589935,4.556881019761));
#382 = CARTESIAN_POINT('',(3.818376589933,4.410076893669));
#383 = CARTESIAN_POINT('',(3.818376589931,4.268489263674));
#384 = CARTESIAN_POINT('',(3.81837658993,4.130495880856));
#385 = CARTESIAN_POINT('',(3.818376589929,3.994595402708));
#386 = CARTESIAN_POINT('',(3.818376589929,3.859387759323));
#387 = CARTESIAN_POINT('',(3.818376589929,3.723478112764));
#388 = CARTESIAN_POINT('',(3.81837658993,3.585521403591));
#389 = CARTESIAN_POINT('',(3.818376589931,3.443796247422));
#390 = CARTESIAN_POINT('',(3.818376589932,3.297505552379));
#391 = CARTESIAN_POINT('',(3.818376589934,3.141592653583));
#392 = CARTESIAN_POINT('',(3.818376589937,2.985679754788));
#393 = CARTESIAN_POINT('',(3.818376589939,2.839389059747));
#394 = CARTESIAN_POINT('',(3.818376589942,2.697663903578));
#395 = CARTESIAN_POINT('',(3.818376589945,2.559707194407));
#396 = CARTESIAN_POINT('',(3.818376589949,2.423797547849));
#397 = CARTESIAN_POINT('',(3.818376589952,2.288589904466));
#398 = CARTESIAN_POINT('',(3.818376589955,2.15268942632));
#399 = CARTESIAN_POINT('',(3.818376589958,2.014696043503));
#400 = CARTESIAN_POINT('',(3.818376589962,1.87310841351));
#401 = CARTESIAN_POINT('',(3.818376589965,1.726304287421));
#402 = CARTESIAN_POINT('',(3.818376589966,1.623639820242));
#403 = CARTESIAN_POINT('',(3.818376589967,1.570796326807));
#404 = ( GEOMETRIC_REPRESENTATION_CONTEXT(2) 
PARAMETRIC_REPRESENTATION_CONTEXT() REPRESENTATION_CONTEXT('2D SPACE',''
  ) );
#405 = PCURVE('',#406,#411);
#406 = PLANE('',#407);
#407 = AXIS2_PLACEMENT_3D('',#408,#409,#410);
#408 = CARTESIAN_POINT('',(-5.28613053804,0.699998282917,5.28968484172)
  );
#409 = DIRECTION('',(-1.875671497586E-08,-0.999999999998,
    -1.936593401502E-06));
#410 = DIRECTION('',(2.150050583685E-22,-1.936593401502E-06,
    0.999999999998));
#411 = DEFINITIONAL_REPRESENTATION('',(#412),#420);
#412 = ( BOUNDED_CURVE() B_SPLINE_CURVE(2,(#413,#414,#415,#416,#417,#418
,#419),.UNSPECIFIED.,.T.,.F.) B_SPLINE_CURVE_WITH_KNOTS((1,2,2,2,2,1),(
    -2.094395102393,0.,2.094395102393,4.188790204786,6.28318530718,
8.377580409573),.UNSPECIFIED.) CURVE() GEOMETRIC_REPRESENTATION_ITEM() 
RATIONAL_B_SPLINE_CURVE((1.,0.5,1.,0.5,1.,0.5,1.)) REPRESENTATION_ITEM(
  '') );
#413 = CARTESIAN_POINT('',(-2.590163566322,-5.336766364721));
#414 = CARTESIAN_POINT('',(-2.677867455829,-10.01248107844));
#415 = CARTESIAN_POINT('',(-6.683303234008,-7.598669925258));
#416 = CARTESIAN_POINT('',(-10.68873901218,-5.184858772073));
#417 = CARTESIAN_POINT('',(-6.595599344501,-2.922955211535));
#418 = CARTESIAN_POINT('',(-2.502459676814,-0.661051650998));
#419 = CARTESIAN_POINT('',(-2.590163566322,-5.336766364721));
#420 = ( GEOMETRIC_REPRESENTATION_CONTEXT(2) 
PARAMETRIC_REPRESENTATION_CONTEXT() REPRESENTATION_CONTEXT('2D SPACE',''
  ) );
#421 = ADVANCED_FACE('',(#422,#554),#406,.T.);
#422 = FACE_BOUND('',#423,.T.);
#423 = EDGE_LOOP('',(#424,#491));
#424 = ORIENTED_EDGE('',*,*,#425,.T.);
#425 = EDGE_CURVE('',#426,#428,#430,.T.);
#426 = VERTEX_POINT('',#427);
#427 = CARTESIAN_POINT('',(-8.064233953691E-02,0.700016755148,
    -4.299247622888));
#428 = VERTEX_POINT('',#429);
#429 = CARTESIAN_POINT('',(8.06422645659E-02,0.700000100343,
    4.299239876458));
#430 = SURFACE_CURVE('',#431,(#436,#443),.PCURVE_S1.);
#431 = CIRCLE('',#432,4.300000000006);
#432 = AXIS2_PLACEMENT_3D('',#433,#434,#435);
#433 = CARTESIAN_POINT('',(-3.752910515686E-08,0.700008427745,
    -3.873213998418E-06));
#434 = DIRECTION('',(-1.87543447289E-08,-0.999999999998,
    -1.936594083203E-06));
#435 = DIRECTION('',(-1.875402372272E-02,1.936605209628E-06,
    -0.99982412783));
#436 = PCURVE('',#406,#437);
#437 = DEFINITIONAL_REPRESENTATION('',(#438),#442);
#438 = CIRCLE('',#439,4.300000000006);
#439 = AXIS2_PLACEMENT_2D('',#440,#441);
#440 = CARTESIAN_POINT('',(-5.289688714944,-5.286130500511));
#441 = DIRECTION('',(-0.999824127832,1.875402372272E-02));
#442 = ( GEOMETRIC_REPRESENTATION_CONTEXT(2) 
PARAMETRIC_REPRESENTATION_CONTEXT() REPRESENTATION_CONTEXT('2D SPACE',''
  ) );
#443 = PCURVE('',#444,#463);
#444 = ( BOUNDED_SURFACE() B_SPLINE_SURFACE(2,1,(
    (#445,#446)
    ,(#447,#448)
    ,(#449,#450)
    ,(#451,#452)
    ,(#453,#454)
    ,(#455,#456)
    ,(#457,#458)
    ,(#459,#460)
,(#461,#462
    )),.UNSPECIFIED.,.T.,.F.,.F.) B_SPLINE_SURFACE_WITH_KNOTS((1,2,2,2,2
    ,2,1),(2,2),(-1.570796326795,0.,1.570796326795,3.14159265359,
    4.712388980385,6.28318530718,7.853981633974),(0.,7.04923801655),
.UNSPECIFIED.) GEOMETRIC_REPRESENTATION_ITEM() RATIONAL_B_SPLINE_SURFACE
((
    (1.,1.)
    ,(0.707106781187,0.707106781187)
    ,(1.,1.)
    ,(0.707106781187,0.707106781187)
    ,(1.,1.)
    ,(0.707106781187,0.707106781187)
    ,(1.,1.)
    ,(0.707106781187,0.707106781187)
,(1.,1.))) REPRESENTATION_ITEM('') SURFACE() );
#445 = CARTESIAN_POINT('',(-1.181307136222E-07,-3.599991572258,
    -1.220057900753E-05));
#446 = CARTESIAN_POINT('',(-4.983687382266,1.384572343868,
    9.347808411799E-02));
#447 = CARTESIAN_POINT('',(-1.181307136222E-07,-3.599991572258,
    -1.220057900753E-05));
#448 = CARTESIAN_POINT('',(-4.890206750636,1.384562690744,5.077165441726
    ));
#449 = CARTESIAN_POINT('',(-1.181307136222E-07,-3.599991572258,
    -1.220057900753E-05));
#450 = CARTESIAN_POINT('',(9.348060698099E-02,1.384562778313,
    4.983684810097));
#451 = CARTESIAN_POINT('',(-1.181307136222E-07,-3.599991572258,
    -1.220057900753E-05));
#452 = CARTESIAN_POINT('',(5.077167964598,1.384562865881,4.890204178467)
  );
#453 = CARTESIAN_POINT('',(-1.181307136222E-07,-3.599991572258,
    -1.220057900753E-05));
#454 = CARTESIAN_POINT('',(4.983687332969,1.384572519004,
    -9.3483179141E-02));
#455 = CARTESIAN_POINT('',(-1.181307136222E-07,-3.599991572258,
    -1.220057900753E-05));
#456 = CARTESIAN_POINT('',(4.890206701339,1.384582172127,-5.077170536749
    ));
#457 = CARTESIAN_POINT('',(-1.181307136222E-07,-3.599991572258,
    -1.220057900753E-05));
#458 = CARTESIAN_POINT('',(-9.34806562782E-02,1.384582084559,
    -4.983689905119));
#459 = CARTESIAN_POINT('',(-1.181307136222E-07,-3.599991572258,
    -1.220057900753E-05));
#460 = CARTESIAN_POINT('',(-5.077168013896,1.384581996991,-4.89020927349
    ));
#461 = CARTESIAN_POINT('',(-1.181307136222E-07,-3.599991572258,
    -1.220057900753E-05));
#462 = CARTESIAN_POINT('',(-4.983687382266,1.384572343868,
    9.347808411799E-02));
#463 = DEFINITIONAL_REPRESENTATION('',(#464),#490);
#464 = B_SPLINE_CURVE_WITH_KNOTS('',3,(#465,#466,#467,#468,#469,#470,
    #471,#472,#473,#474,#475,#476,#477,#478,#479,#480,#481,#482,#483,
    #484,#485,#486,#487,#488,#489),.UNSPECIFIED.,.F.,.F.,(4,1,1,1,1,1,1,
    1,1,1,1,1,1,1,1,1,1,1,1,1,1,1,4),(0.,0.142799666071,0.285599332143,
    0.428398998214,0.571198664285,0.713998330357,0.856797996428,
    0.999597662499,1.142397328571,1.285196994642,1.427996660713,
    1.570796326785,1.713595992856,1.856395658927,1.999195324999,
    2.14199499107,2.284794657141,2.427594323213,2.570393989284,
    2.713193655355,2.855993321427,2.998792987498,3.141592653569),
  .QUASI_UNIFORM_KNOTS.);
#465 = CARTESIAN_POINT('',(4.712388980383,6.08111831821));
#466 = CARTESIAN_POINT('',(4.659545486947,6.081118318208));
#467 = CARTESIAN_POINT('',(4.556881019766,6.081118318206));
#468 = CARTESIAN_POINT('',(4.410076893674,6.081118318202));
#469 = CARTESIAN_POINT('',(4.268489263679,6.081118318198));
#470 = CARTESIAN_POINT('',(4.13049588086,6.081118318195));
#471 = CARTESIAN_POINT('',(3.994595402712,6.081118318192));
#472 = CARTESIAN_POINT('',(3.859387759327,6.081118318189));
#473 = CARTESIAN_POINT('',(3.723478112767,6.081118318188));
#474 = CARTESIAN_POINT('',(3.585521403594,6.081118318186));
#475 = CARTESIAN_POINT('',(3.443796247424,6.081118318186));
#476 = CARTESIAN_POINT('',(3.297505552381,6.081118318186));
#477 = CARTESIAN_POINT('',(3.141592653584,6.081118318187));
#478 = CARTESIAN_POINT('',(2.985679754788,6.081118318188));
#479 = CARTESIAN_POINT('',(2.839389059745,6.08111831819));
#480 = CARTESIAN_POINT('',(2.697663903576,6.081118318192));
#481 = CARTESIAN_POINT('',(2.559707194404,6.081118318195));
#482 = CARTESIAN_POINT('',(2.423797547845,6.081118318198));
#483 = CARTESIAN_POINT('',(2.28858990446,6.081118318202));
#484 = CARTESIAN_POINT('',(2.152689426313,6.081118318206));
#485 = CARTESIAN_POINT('',(2.014696043495,6.08111831821));
#486 = CARTESIAN_POINT('',(1.8731084135,6.081118318215));
#487 = CARTESIAN_POINT('',(1.726304287409,6.081118318219));
#488 = CARTESIAN_POINT('',(1.623639820229,6.081118318222));
#489 = CARTESIAN_POINT('',(1.570796326794,6.081118318223));
#490 = ( GEOMETRIC_REPRESENTATION_CONTEXT(2) 
PARAMETRIC_REPRESENTATION_CONTEXT() REPRESENTATION_CONTEXT('2D SPACE',''
  ) );
#491 = ORIENTED_EDGE('',*,*,#492,.T.);
#492 = EDGE_CURVE('',#428,#426,#493,.T.);
#493 = SURFACE_CURVE('',#494,(#499,#506),.PCURVE_S1.);
#494 = CIRCLE('',#495,4.300000000006);
#495 = AXIS2_PLACEMENT_3D('',#496,#497,#498);
#496 = CARTESIAN_POINT('',(-3.752900568088E-08,0.700008427745,
    -3.873213998418E-06));
#497 = DIRECTION('',(-1.875331836156E-08,-0.999999999998,
    -1.936594125593E-06));
#498 = DIRECTION('',(1.875402374301E-02,-1.936605232762E-06,
    0.999824127829));
#499 = PCURVE('',#406,#500);
#500 = DEFINITIONAL_REPRESENTATION('',(#501),#505);
#501 = CIRCLE('',#502,4.300000000006);
#502 = AXIS2_PLACEMENT_2D('',#503,#504);
#503 = CARTESIAN_POINT('',(-5.289688714944,-5.286130500511));
#504 = DIRECTION('',(0.999824127831,-1.875402374301E-02));
#505 = ( GEOMETRIC_REPRESENTATION_CONTEXT(2) 
PARAMETRIC_REPRESENTATION_CONTEXT() REPRESENTATION_CONTEXT('2D SPACE',''
  ) );
#506 = PCURVE('',#507,#526);
#507 = ( BOUNDED_SURFACE() B_SPLINE_SURFACE(2,1,(
    (#508,#509)
    ,(#510,#511)
    ,(#512,#513)
    ,(#514,#515)
    ,(#516,#517)
    ,(#518,#519)
    ,(#520,#521)
    ,(#522,#523)
,(#524,#525
    )),.UNSPECIFIED.,.T.,.F.,.F.) B_SPLINE_SURFACE_WITH_KNOTS((1,2,2,2,2
    ,2,1),(2,2),(-1.570796326795,0.,1.570796326795,3.14159265359,
    4.712388980385,6.28318530718,7.853981633974),(0.,7.049337969032),
.UNSPECIFIED.) GEOMETRIC_REPRESENTATION_ITEM() RATIONAL_B_SPLINE_SURFACE
((
    (1.,1.)
    ,(0.707106781187,0.707106781187)
    ,(1.,1.)
    ,(0.707106781187,0.707106781187)
    ,(1.,1.)
    ,(0.707106781187,0.707106781187)
    ,(1.,1.)
    ,(0.707106781187,0.707106781187)
,(1.,1.))) REPRESENTATION_ITEM('') SURFACE() );
#508 = CARTESIAN_POINT('',(-1.181264077332E-07,-3.599991572265,
    -1.220059300522E-05));
#509 = CARTESIAN_POINT('',(4.98375799761,1.384643196087,
    -9.348450448201E-02));
#510 = CARTESIAN_POINT('',(-1.181264077332E-07,-3.599991572265,
    -1.220059300522E-05));
#511 = CARTESIAN_POINT('',(4.8902760405,1.384652849363,-5.077242526731)
  );
#512 = CARTESIAN_POINT('',(-1.181264077332E-07,-3.599991572265,
    -1.220059300522E-05));
#513 = CARTESIAN_POINT('',(-9.348198175771E-02,1.384652761788,
    -4.983760569621));
#514 = CARTESIAN_POINT('',(-1.181264077332E-07,-3.599991572265,
    -1.220059300522E-05));
#515 = CARTESIAN_POINT('',(-5.077240004016,1.384652674213,
    -4.890278612512));
#516 = CARTESIAN_POINT('',(-1.181264077332E-07,-3.599991572265,
    -1.220059300522E-05));
#517 = CARTESIAN_POINT('',(-4.983758046906,1.384643020938,
    9.3479409737E-02));
#518 = CARTESIAN_POINT('',(-1.181264077332E-07,-3.599991572265,
    -1.220059300522E-05));
#519 = CARTESIAN_POINT('',(-4.890276089796,1.384633367662,5.077237431986
    ));
#520 = CARTESIAN_POINT('',(-1.181264077332E-07,-3.599991572265,
    -1.220059300522E-05));
#521 = CARTESIAN_POINT('',(9.34819324618E-02,1.384633455237,
    4.983755474876));
#522 = CARTESIAN_POINT('',(-1.181264077332E-07,-3.599991572265,
    -1.220059300522E-05));
#523 = CARTESIAN_POINT('',(5.07723995472,1.384633542812,4.890273517767)
  );
#524 = CARTESIAN_POINT('',(-1.181264077332E-07,-3.599991572265,
    -1.220059300522E-05));
#525 = CARTESIAN_POINT('',(4.98375799761,1.384643196087,
    -9.348450448201E-02));
#526 = DEFINITIONAL_REPRESENTATION('',(#527),#553);
#527 = B_SPLINE_CURVE_WITH_KNOTS('',3,(#528,#529,#530,#531,#532,#533,
    #534,#535,#536,#537,#538,#539,#540,#541,#542,#543,#544,#545,#546,
    #547,#548,#549,#550,#551,#552),.UNSPECIFIED.,.F.,.F.,(4,1,1,1,1,1,1,
    1,1,1,1,1,1,1,1,1,1,1,1,1,1,1,4),(0.,0.142799666073,0.285599332146,
    0.42839899822,0.571198664293,0.713998330366,0.856797996439,
    0.999597662512,1.142397328586,1.285196994659,1.427996660732,
    1.570796326805,1.713595992878,1.856395658951,1.999195325025,
    2.141994991098,2.284794657171,2.427594323244,2.570393989317,
    2.713193655391,2.855993321464,2.998792987537,3.14159265361),
  .QUASI_UNIFORM_KNOTS.);
#528 = CARTESIAN_POINT('',(4.712388980384,6.081118318238));
#529 = CARTESIAN_POINT('',(4.659545486948,6.081118318239));
#530 = CARTESIAN_POINT('',(4.556881019766,6.081118318242));
#531 = CARTESIAN_POINT('',(4.410076893674,6.081118318246));
#532 = CARTESIAN_POINT('',(4.268489263679,6.081118318249));
#533 = CARTESIAN_POINT('',(4.130495880861,6.081118318251));
#534 = CARTESIAN_POINT('',(3.994595402713,6.081118318253));
#535 = CARTESIAN_POINT('',(3.859387759329,6.081118318255));
#536 = CARTESIAN_POINT('',(3.72347811277,6.081118318255));
#537 = CARTESIAN_POINT('',(3.585521403599,6.081118318255));
#538 = CARTESIAN_POINT('',(3.44379624743,6.081118318255));
#539 = CARTESIAN_POINT('',(3.297505552388,6.081118318253));
#540 = CARTESIAN_POINT('',(3.141592653593,6.081118318251));
#541 = CARTESIAN_POINT('',(2.985679754797,6.081118318249));
#542 = CARTESIAN_POINT('',(2.839389059755,6.081118318245));
#543 = CARTESIAN_POINT('',(2.697663903586,6.081118318242));
#544 = CARTESIAN_POINT('',(2.559707194413,6.081118318237));
#545 = CARTESIAN_POINT('',(2.423797547854,6.081118318233));
#546 = CARTESIAN_POINT('',(2.288589904469,6.081118318228));
#547 = CARTESIAN_POINT('',(2.152689426321,6.081118318224));
#548 = CARTESIAN_POINT('',(2.014696043501,6.081118318219));
#549 = CARTESIAN_POINT('',(1.873108413505,6.081118318214));
#550 = CARTESIAN_POINT('',(1.726304287411,6.081118318209));
#551 = CARTESIAN_POINT('',(1.623639820229,6.081118318206));
#552 = CARTESIAN_POINT('',(1.570796326793,6.081118318205));
#553 = ( GEOMETRIC_REPRESENTATION_CONTEXT(2) 
PARAMETRIC_REPRESENTATION_CONTEXT() REPRESENTATION_CONTEXT('2D SPACE',''
  ) );
#554 = FACE_BOUND('',#555,.T.);
#555 = EDGE_LOOP('',(#556,#557));
#556 = ORIENTED_EDGE('',*,*,#369,.T.);
#557 = ORIENTED_EDGE('',*,*,#558,.T.);
#558 = EDGE_CURVE('',#348,#306,#559,.T.);
#559 = SURFACE_CURVE('',#560,(#565,#576),.PCURVE_S1.);
#560 = CIRCLE('',#561,2.700000003479);
#561 = AXIS2_PLACEMENT_3D('',#562,#563,#564);
#562 = CARTESIAN_POINT('',(-3.753520161354E-08,0.70000842774,
    -3.873213998418E-06));
#563 = DIRECTION('',(1.876041809783E-08,0.999999999998,
    1.936592631717E-06));
#564 = DIRECTION('',(-1.875402372258E-02,1.936603872297E-06,
    -0.99982412783));
#565 = PCURVE('',#406,#566);
#566 = DEFINITIONAL_REPRESENTATION('',(#567),#575);
#567 = ( BOUNDED_CURVE() B_SPLINE_CURVE(2,(#568,#569,#570,#571,#572,#573
,#574),.UNSPECIFIED.,.T.,.F.) B_SPLINE_CURVE_WITH_KNOTS((1,2,2,2,2,1),(
    -2.094395102393,0.,2.094395102393,4.188790204786,6.28318530718,
8.377580409573),.UNSPECIFIED.) CURVE() GEOMETRIC_REPRESENTATION_ITEM() 
RATIONAL_B_SPLINE_CURVE((1.,0.5,1.,0.5,1.,0.5,1.)) REPRESENTATION_ITEM(
  '') );
#568 = CARTESIAN_POINT('',(-7.989213863568,-5.235494636389));
#569 = CARTESIAN_POINT('',(-7.901509974233,-0.559779922662));
#570 = CARTESIAN_POINT('',(-3.896074195965,-2.9735910757));
#571 = CARTESIAN_POINT('',(0.109361582304,-5.387402228737));
#572 = CARTESIAN_POINT('',(-3.983778085299,-7.649305789426));
#573 = CARTESIAN_POINT('',(-8.076917752902,-9.911209350115));
#574 = CARTESIAN_POINT('',(-7.989213863568,-5.235494636389));
#575 = ( GEOMETRIC_REPRESENTATION_CONTEXT(2) 
PARAMETRIC_REPRESENTATION_CONTEXT() REPRESENTATION_CONTEXT('2D SPACE',''
  ) );
#576 = PCURVE('',#320,#577);
#577 = DEFINITIONAL_REPRESENTATION('',(#578),#604);
#578 = B_SPLINE_CURVE_WITH_KNOTS('',3,(#579,#580,#581,#582,#583,#584,
    #585,#586,#587,#588,#589,#590,#591,#592,#593,#594,#595,#596,#597,
    #598,#599,#600,#601,#602,#603),.UNSPECIFIED.,.F.,.F.,(4,1,1,1,1,1,1,
    1,1,1,1,1,1,1,1,1,1,1,1,1,1,1,4),(0.,0.142799666074,0.285599332148,
    0.428398998222,0.571198664296,0.71399833037,0.856797996444,
    0.999597662518,1.142397328592,1.285196994665,1.427996660739,
    1.570796326813,1.713595992887,1.856395658961,1.999195325035,
    2.141994991109,2.284794657183,2.427594323257,2.570393989331,
    2.713193655405,2.855993321479,2.998792987553,3.141592653627),
  .QUASI_UNIFORM_KNOTS.);
#579 = CARTESIAN_POINT('',(3.818376589964,4.712388980397));
#580 = CARTESIAN_POINT('',(3.818376589965,4.659545486961));
#581 = CARTESIAN_POINT('',(3.818376589966,4.556881019779));
#582 = CARTESIAN_POINT('',(3.818376589968,4.410076893686));
#583 = CARTESIAN_POINT('',(3.81837658997,4.26848926369));
#584 = CARTESIAN_POINT('',(3.818376589971,4.130495880871));
#585 = CARTESIAN_POINT('',(3.818376589972,3.994595402723));
#586 = CARTESIAN_POINT('',(3.818376589972,3.859387759339));
#587 = CARTESIAN_POINT('',(3.818376589972,3.72347811278));
#588 = CARTESIAN_POINT('',(3.818376589971,3.585521403608));
#589 = CARTESIAN_POINT('',(3.81837658997,3.443796247438));
#590 = CARTESIAN_POINT('',(3.818376589968,3.297505552396));
#591 = CARTESIAN_POINT('',(3.818376589967,3.141592653601));
#592 = CARTESIAN_POINT('',(3.818376589964,2.985679754804));
#593 = CARTESIAN_POINT('',(3.818376589962,2.83938905976));
#594 = CARTESIAN_POINT('',(3.818376589959,2.69766390359));
#595 = CARTESIAN_POINT('',(3.818376589956,2.559707194416));
#596 = CARTESIAN_POINT('',(3.818376589952,2.423797547856));
#597 = CARTESIAN_POINT('',(3.818376589949,2.288589904469));
#598 = CARTESIAN_POINT('',(3.818376589946,2.15268942632));
#599 = CARTESIAN_POINT('',(3.818376589943,2.0146960435));
#600 = CARTESIAN_POINT('',(3.818376589939,1.873108413502));
#601 = CARTESIAN_POINT('',(3.818376589936,1.726304287407));
#602 = CARTESIAN_POINT('',(3.818376589935,1.623639820224));
#603 = CARTESIAN_POINT('',(3.818376589934,1.570796326787));
#604 = ( GEOMETRIC_REPRESENTATION_CONTEXT(2) 
PARAMETRIC_REPRESENTATION_CONTEXT() REPRESENTATION_CONTEXT('2D SPACE',''
  ) );
#605 = ADVANCED_FACE('',(#606),#444,.T.);
#606 = FACE_BOUND('',#607,.T.);
#607 = EDGE_LOOP('',(#608,#661,#681,#682));
#608 = ORIENTED_EDGE('',*,*,#609,.T.);
#609 = EDGE_CURVE('',#610,#612,#614,.T.);
#610 = VERTEX_POINT('',#611);
#611 = CARTESIAN_POINT('',(-8.43931405563E-02,0.900017142467,
    -4.499212061083));
#612 = VERTEX_POINT('',#613);
#613 = CARTESIAN_POINT('',(8.43930730929E-02,0.899999713026,
    4.499205089376));
#614 = SURFACE_CURVE('',#615,(#620,#649),.PCURVE_S1.);
#615 = CIRCLE('',#616,4.499999999997);
#616 = AXIS2_PLACEMENT_3D('',#617,#618,#619);
#617 = CARTESIAN_POINT('',(-3.372710468685E-08,0.900008427747,
    -3.485854009E-06));
#618 = DIRECTION('',(-1.87543337063E-08,-0.999999999998,
    -1.936593494937E-06));
#619 = DIRECTION('',(-1.875402373985E-02,1.936604621258E-06,
    -0.999824127829));
#620 = PCURVE('',#444,#621);
#621 = DEFINITIONAL_REPRESENTATION('',(#622),#648);
#622 = B_SPLINE_CURVE_WITH_KNOTS('',3,(#623,#624,#625,#626,#627,#628,
    #629,#630,#631,#632,#633,#634,#635,#636,#637,#638,#639,#640,#641,
    #642,#643,#644,#645,#646,#647),.UNSPECIFIED.,.F.,.F.,(4,1,1,1,1,1,1,
    1,1,1,1,1,1,1,1,1,1,1,1,1,1,1,4),(0.,0.142799666072,0.285599332145,
    0.428398998217,0.571198664289,0.713998330362,0.856797996434,
    0.999597662506,1.142397328579,1.285196994651,1.427996660724,
    1.570796326796,1.713595992868,1.856395658941,1.999195325013,
    2.141994991085,2.284794657158,2.42759432323,2.570393989302,
    2.713193655375,2.855993321447,2.998792987519,3.141592653592),
  .QUASI_UNIFORM_KNOTS.);
#623 = CARTESIAN_POINT('',(4.712388980389,6.363961030648));
#624 = CARTESIAN_POINT('',(4.659545486952,6.363961030648));
#625 = CARTESIAN_POINT('',(4.55688101977,6.363961030649));
#626 = CARTESIAN_POINT('',(4.410076893676,6.363961030651));
#627 = CARTESIAN_POINT('',(4.268489263678,6.363961030654));
#628 = CARTESIAN_POINT('',(4.130495880858,6.363961030657));
#629 = CARTESIAN_POINT('',(3.994595402709,6.363961030661));
#630 = CARTESIAN_POINT('',(3.859387759323,6.363961030665));
#631 = CARTESIAN_POINT('',(3.723478112763,6.36396103067));
#632 = CARTESIAN_POINT('',(3.58552140359,6.363961030676));
#633 = CARTESIAN_POINT('',(3.44379624742,6.363961030681));
#634 = CARTESIAN_POINT('',(3.297505552376,6.363961030687));
#635 = CARTESIAN_POINT('',(3.14159265358,6.363961030692));
#636 = CARTESIAN_POINT('',(2.985679754785,6.363961030698));
#637 = CARTESIAN_POINT('',(2.839389059743,6.363961030703));
#638 = CARTESIAN_POINT('',(2.697663903575,6.363961030708));
#639 = CARTESIAN_POINT('',(2.559707194404,6.363961030712));
#640 = CARTESIAN_POINT('',(2.423797547846,6.363961030716));
#641 = CARTESIAN_POINT('',(2.288589904463,6.363961030719));
#642 = CARTESIAN_POINT('',(2.152689426316,6.363961030722));
#643 = CARTESIAN_POINT('',(2.014696043499,6.363961030724));
#644 = CARTESIAN_POINT('',(1.873108413506,6.363961030725));
#645 = CARTESIAN_POINT('',(1.726304287416,6.363961030725));
#646 = CARTESIAN_POINT('',(1.623639820236,6.363961030725));
#647 = CARTESIAN_POINT('',(1.570796326801,6.363961030725));
#648 = ( GEOMETRIC_REPRESENTATION_CONTEXT(2) 
PARAMETRIC_REPRESENTATION_CONTEXT() REPRESENTATION_CONTEXT('2D SPACE',''
  ) );
#649 = PCURVE('',#650,#655);
#650 = CYLINDRICAL_SURFACE('',#651,4.5);
#651 = AXIS2_PLACEMENT_3D('',#652,#653,#654);
#652 = CARTESIAN_POINT('',(-1.691550733929E-08,1.800008427746,
    -1.742980998642E-06));
#653 = DIRECTION('',(1.875645206198E-08,0.999999999998,
    1.936593378212E-06));
#654 = DIRECTION('',(-2.150050557827E-22,1.936593378212E-06,
    -0.999999999998));
#655 = DEFINITIONAL_REPRESENTATION('',(#656),#660);
#656 = LINE('',#657,#658);
#657 = CARTESIAN_POINT('',(6.301940430419,-0.900000000001));
#658 = VECTOR('',#659,1.);
#659 = DIRECTION('',(-1.,-2.205184579168E-13));
#660 = ( GEOMETRIC_REPRESENTATION_CONTEXT(2) 
PARAMETRIC_REPRESENTATION_CONTEXT() REPRESENTATION_CONTEXT('2D SPACE',''
  ) );
#661 = ORIENTED_EDGE('',*,*,#662,.T.);
#662 = EDGE_CURVE('',#612,#428,#663,.T.);
#663 = SURFACE_CURVE('',#664,(#667,#674),.PCURVE_S1.);
#664 = B_SPLINE_CURVE_WITH_KNOTS('',1,(#665,#666),.UNSPECIFIED.,.F.,.F.,
  (2,2),(-0.282842712502,0.),.PIECEWISE_BEZIER_KNOTS.);
#665 = CARTESIAN_POINT('',(8.43930730929E-02,0.899999713026,
    4.499205089376));
#666 = CARTESIAN_POINT('',(8.06422645659E-02,0.700000100343,
    4.299239876458));
#667 = PCURVE('',#444,#668);
#668 = DEFINITIONAL_REPRESENTATION('',(#669),#673);
#669 = LINE('',#670,#671);
#670 = CARTESIAN_POINT('',(1.570796326794,6.081118318223));
#671 = VECTOR('',#672,1.);
#672 = DIRECTION('',(-2.521254469913E-11,-1.));
#673 = ( GEOMETRIC_REPRESENTATION_CONTEXT(2) 
PARAMETRIC_REPRESENTATION_CONTEXT() REPRESENTATION_CONTEXT('2D SPACE',''
  ) );
#674 = PCURVE('',#507,#675);
#675 = DEFINITIONAL_REPRESENTATION('',(#676),#680);
#676 = LINE('',#677,#678);
#677 = CARTESIAN_POINT('',(4.712388980383,6.081118318238));
#678 = VECTOR('',#679,1.);
#679 = DIRECTION('',(-2.534757265056E-11,-1.));
#680 = ( GEOMETRIC_REPRESENTATION_CONTEXT(2) 
PARAMETRIC_REPRESENTATION_CONTEXT() REPRESENTATION_CONTEXT('2D SPACE',''
  ) );
#681 = ORIENTED_EDGE('',*,*,#425,.F.);
#682 = ORIENTED_EDGE('',*,*,#683,.T.);
#683 = EDGE_CURVE('',#426,#610,#684,.T.);
#684 = SURFACE_CURVE('',#685,(#688,#695),.PCURVE_S1.);
#685 = B_SPLINE_CURVE_WITH_KNOTS('',1,(#686,#687),.UNSPECIFIED.,.F.,.F.,
  (2,2),(-0.282842712438,0.),.PIECEWISE_BEZIER_KNOTS.);
#686 = CARTESIAN_POINT('',(-8.064233953691E-02,0.700016755148,
    -4.299247622888));
#687 = CARTESIAN_POINT('',(-8.43931405563E-02,0.900017142467,
    -4.499212061083));
#688 = PCURVE('',#444,#689);
#689 = DEFINITIONAL_REPRESENTATION('',(#690),#694);
#690 = LINE('',#691,#692);
#691 = CARTESIAN_POINT('',(4.712388980389,6.363961030648));
#692 = VECTOR('',#693,1.);
#693 = DIRECTION('',(2.15824909399E-11,1.));
#694 = ( GEOMETRIC_REPRESENTATION_CONTEXT(2) 
PARAMETRIC_REPRESENTATION_CONTEXT() REPRESENTATION_CONTEXT('2D SPACE',''
  ) );
#695 = PCURVE('',#507,#696);
#696 = DEFINITIONAL_REPRESENTATION('',(#697),#701);
#697 = LINE('',#698,#699);
#698 = CARTESIAN_POINT('',(1.570796326799,6.363961030643));
#699 = VECTOR('',#700,1.);
#700 = DIRECTION('',(2.138622938254E-11,1.));
#701 = ( GEOMETRIC_REPRESENTATION_CONTEXT(2) 
PARAMETRIC_REPRESENTATION_CONTEXT() REPRESENTATION_CONTEXT('2D SPACE',''
  ) );
#702 = ADVANCED_FACE('',(#703),#650,.T.);
#703 = FACE_BOUND('',#704,.T.);
#704 = EDGE_LOOP('',(#705,#736,#761,#762));
#705 = ORIENTED_EDGE('',*,*,#706,.T.);
#706 = EDGE_CURVE('',#707,#709,#711,.T.);
#707 = VERTEX_POINT('',#708);
#708 = CARTESIAN_POINT('',(-8.439310682471E-02,2.700017142455,
    -4.49920857523));
#709 = VERTEX_POINT('',#710);
#710 = CARTESIAN_POINT('',(8.439310682469E-02,2.699999713013,
    4.49920857523));
#711 = SURFACE_CURVE('',#712,(#717,#724),.PCURVE_S1.);
#712 = CIRCLE('',#713,4.499999999997);
#713 = AXIS2_PLACEMENT_3D('',#714,#715,#716);
#714 = CARTESIAN_POINT('',(-3.12860849275E-13,2.700008427734,0.));
#715 = DIRECTION('',(-1.875658492643E-08,-0.999999999998,
    -1.93659345192E-06));
#716 = DIRECTION('',(-1.875402373876E-02,1.936604620469E-06,
    -0.999824127829));
#717 = PCURVE('',#650,#718);
#718 = DEFINITIONAL_REPRESENTATION('',(#719),#723);
#719 = LINE('',#720,#721);
#720 = CARTESIAN_POINT('',(6.301940430425,0.89999999999));
#721 = VECTOR('',#722,1.);
#722 = DIRECTION('',(-1.,-2.182567301424E-13));
#723 = ( GEOMETRIC_REPRESENTATION_CONTEXT(2) 
PARAMETRIC_REPRESENTATION_CONTEXT() REPRESENTATION_CONTEXT('2D SPACE',''
  ) );
#724 = PCURVE('',#725,#730);
#725 = PLANE('',#726);
#726 = AXIS2_PLACEMENT_3D('',#727,#728,#729);
#727 = CARTESIAN_POINT('',(-10.20343621146,2.700008427734,
    -10.19656263054));
#728 = DIRECTION('',(1.110223024625E-16,-1.,0.));
#729 = DIRECTION('',(0.,0.,1.));
#730 = DEFINITIONAL_REPRESENTATION('',(#731),#735);
#731 = CIRCLE('',#732,4.499999999989);
#732 = AXIS2_PLACEMENT_2D('',#733,#734);
#733 = CARTESIAN_POINT('',(10.196562630546,-10.20343621146));
#734 = DIRECTION('',(-0.999824127831,1.875402373879E-02));
#735 = ( GEOMETRIC_REPRESENTATION_CONTEXT(2) 
PARAMETRIC_REPRESENTATION_CONTEXT() REPRESENTATION_CONTEXT('2D SPACE',''
  ) );
#736 = ORIENTED_EDGE('',*,*,#737,.T.);
#737 = EDGE_CURVE('',#709,#612,#738,.T.);
#738 = SURFACE_CURVE('',#739,(#742,#749),.PCURVE_S1.);
#739 = B_SPLINE_CURVE_WITH_KNOTS('',1,(#740,#741),.UNSPECIFIED.,.F.,.F.,
  (2,2),(-1.799999999991,0.),.PIECEWISE_BEZIER_KNOTS.);
#740 = CARTESIAN_POINT('',(8.439310682469E-02,2.699999713013,
    4.49920857523));
#741 = CARTESIAN_POINT('',(8.43930730929E-02,0.899999713026,
    4.499205089376));
#742 = PCURVE('',#650,#743);
#743 = DEFINITIONAL_REPRESENTATION('',(#744),#748);
#744 = LINE('',#745,#746);
#745 = CARTESIAN_POINT('',(3.160347776857,-0.900000000002));
#746 = VECTOR('',#747,1.);
#747 = DIRECTION('',(3.647452710253E-12,-1.));
#748 = ( GEOMETRIC_REPRESENTATION_CONTEXT(2) 
PARAMETRIC_REPRESENTATION_CONTEXT() REPRESENTATION_CONTEXT('2D SPACE',''
  ) );
#749 = PCURVE('',#750,#755);
#750 = CYLINDRICAL_SURFACE('',#751,4.5);
#751 = AXIS2_PLACEMENT_3D('',#752,#753,#754);
#752 = CARTESIAN_POINT('',(-1.69160047192E-08,1.800008427739,
    -1.742980003883E-06));
#753 = DIRECTION('',(1.87566797229E-08,0.999999999998,1.936593307218E-06
    ));
#754 = DIRECTION('',(-2.150050479008E-22,1.936593307218E-06,
    -0.999999999998));
#755 = DEFINITIONAL_REPRESENTATION('',(#756),#760);
#756 = LINE('',#757,#758);
#757 = CARTESIAN_POINT('',(3.160347776857,-0.899999999995));
#758 = VECTOR('',#759,1.);
#759 = DIRECTION('',(3.698769685614E-12,-1.));
#760 = ( GEOMETRIC_REPRESENTATION_CONTEXT(2) 
PARAMETRIC_REPRESENTATION_CONTEXT() REPRESENTATION_CONTEXT('2D SPACE',''
  ) );
#761 = ORIENTED_EDGE('',*,*,#609,.F.);
#762 = ORIENTED_EDGE('',*,*,#763,.T.);
#763 = EDGE_CURVE('',#610,#707,#764,.T.);
#764 = SURFACE_CURVE('',#765,(#768,#775),.PCURVE_S1.);
#765 = B_SPLINE_CURVE_WITH_KNOTS('',1,(#766,#767),.UNSPECIFIED.,.F.,.F.,
  (2,2),(-1.799999999991,0.),.PIECEWISE_BEZIER_KNOTS.);
#766 = CARTESIAN_POINT('',(-8.43931405563E-02,0.900017142467,
    -4.499212061083));
#767 = CARTESIAN_POINT('',(-8.439310682471E-02,2.700017142455,
    -4.49920857523));
#768 = PCURVE('',#650,#769);
#769 = DEFINITIONAL_REPRESENTATION('',(#770),#774);
#770 = LINE('',#771,#772);
#771 = CARTESIAN_POINT('',(6.301940430425,0.89999999999));
#772 = VECTOR('',#773,1.);
#773 = DIRECTION('',(3.669788238742E-12,1.));
#774 = ( GEOMETRIC_REPRESENTATION_CONTEXT(2) 
PARAMETRIC_REPRESENTATION_CONTEXT() REPRESENTATION_CONTEXT('2D SPACE',''
  ) );
#775 = PCURVE('',#750,#776);
#776 = DEFINITIONAL_REPRESENTATION('',(#777),#781);
#777 = LINE('',#778,#779);
#778 = CARTESIAN_POINT('',(1.875512324554E-02,0.899999999997));
#779 = VECTOR('',#780,1.);
#780 = DIRECTION('',(3.720920176932E-12,1.));
#781 = ( GEOMETRIC_REPRESENTATION_CONTEXT(2) 
PARAMETRIC_REPRESENTATION_CONTEXT() REPRESENTATION_CONTEXT('2D SPACE',''
  ) );
#782 = ADVANCED_FACE('',(#783),#750,.T.);
#783 = FACE_BOUND('',#784,.T.);
#784 = EDGE_LOOP('',(#785,#807,#808,#852));
#785 = ORIENTED_EDGE('',*,*,#786,.T.);
#786 = EDGE_CURVE('',#709,#707,#787,.T.);
#787 = SURFACE_CURVE('',#788,(#793,#800),.PCURVE_S1.);
#788 = CIRCLE('',#789,4.499999999997);
#789 = AXIS2_PLACEMENT_3D('',#790,#791,#792);
#790 = CARTESIAN_POINT('',(-2.220455405915E-16,2.700008427734,0.));
#791 = DIRECTION('',(-1.875693855665E-08,-0.999999999998,
    -1.936593445287E-06));
#792 = DIRECTION('',(1.875402373884E-02,-1.936604620469E-06,
    0.999824127829));
#793 = PCURVE('',#750,#794);
#794 = DEFINITIONAL_REPRESENTATION('',(#795),#799);
#795 = LINE('',#796,#797);
#796 = CARTESIAN_POINT('',(3.160347776851,0.899999999996));
#797 = VECTOR('',#798,1.);
#798 = DIRECTION('',(-1.,4.088072950555E-13));
#799 = ( GEOMETRIC_REPRESENTATION_CONTEXT(2) 
PARAMETRIC_REPRESENTATION_CONTEXT() REPRESENTATION_CONTEXT('2D SPACE',''
  ) );
#800 = PCURVE('',#725,#801);
#801 = DEFINITIONAL_REPRESENTATION('',(#802),#806);
#802 = CIRCLE('',#803,4.499999999989);
#803 = AXIS2_PLACEMENT_2D('',#804,#805);
#804 = CARTESIAN_POINT('',(10.196562630546,-10.20343621146));
#805 = DIRECTION('',(0.999824127831,-1.875402373887E-02));
#806 = ( GEOMETRIC_REPRESENTATION_CONTEXT(2) 
PARAMETRIC_REPRESENTATION_CONTEXT() REPRESENTATION_CONTEXT('2D SPACE',''
  ) );
#807 = ORIENTED_EDGE('',*,*,#763,.F.);
#808 = ORIENTED_EDGE('',*,*,#809,.T.);
#809 = EDGE_CURVE('',#610,#612,#810,.T.);
#810 = SURFACE_CURVE('',#811,(#816,#823),.PCURVE_S1.);
#811 = CIRCLE('',#812,4.499999999997);
#812 = AXIS2_PLACEMENT_3D('',#813,#814,#815);
#813 = CARTESIAN_POINT('',(-3.372650783096E-08,0.900008427747,
    -3.485854009E-06));
#814 = DIRECTION('',(1.875328189331E-08,0.999999999998,
    1.936593514666E-06));
#815 = DIRECTION('',(-1.875402374E-02,1.936604621258E-06,-0.999824127829
    ));
#816 = PCURVE('',#750,#817);
#817 = DEFINITIONAL_REPRESENTATION('',(#818),#822);
#818 = LINE('',#819,#820);
#819 = CARTESIAN_POINT('',(1.875512323888E-02,-0.899999999994));
#820 = VECTOR('',#821,1.);
#821 = DIRECTION('',(1.,-4.121998867139E-13));
#822 = ( GEOMETRIC_REPRESENTATION_CONTEXT(2) 
PARAMETRIC_REPRESENTATION_CONTEXT() REPRESENTATION_CONTEXT('2D SPACE',''
  ) );
#823 = PCURVE('',#507,#824);
#824 = DEFINITIONAL_REPRESENTATION('',(#825),#851);
#825 = B_SPLINE_CURVE_WITH_KNOTS('',3,(#826,#827,#828,#829,#830,#831,
    #832,#833,#834,#835,#836,#837,#838,#839,#840,#841,#842,#843,#844,
    #845,#846,#847,#848,#849,#850),.UNSPECIFIED.,.F.,.F.,(4,1,1,1,1,1,1,
    1,1,1,1,1,1,1,1,1,1,1,1,1,1,1,4),(0.,0.142799666072,0.285599332144,
    0.428398998216,0.571198664289,0.713998330361,0.856797996433,
    0.999597662505,1.142397328577,1.285196994649,1.427996660722,
    1.570796326794,1.713595992866,1.856395658938,1.99919532501,
    2.141994991082,2.284794657155,2.427594323227,2.570393989299,
    2.713193655371,2.855993321443,2.998792987515,3.141592653587),
  .QUASI_UNIFORM_KNOTS.);
#826 = CARTESIAN_POINT('',(1.570796326799,6.363961030643));
#827 = CARTESIAN_POINT('',(1.623639820236,6.363961030643));
#828 = CARTESIAN_POINT('',(1.726304287418,6.363961030643));
#829 = CARTESIAN_POINT('',(1.873108413511,6.363961030643));
#830 = CARTESIAN_POINT('',(2.014696043508,6.363961030645));
#831 = CARTESIAN_POINT('',(2.152689426328,6.363961030647));
#832 = CARTESIAN_POINT('',(2.288589904478,6.36396103065));
#833 = CARTESIAN_POINT('',(2.423797547864,6.363961030655));
#834 = CARTESIAN_POINT('',(2.559707194424,6.36396103066));
#835 = CARTESIAN_POINT('',(2.697663903598,6.363961030665));
#836 = CARTESIAN_POINT('',(2.839389059769,6.363961030671));
#837 = CARTESIAN_POINT('',(2.985679754812,6.363961030678));
#838 = CARTESIAN_POINT('',(3.14159265361,6.363961030685));
#839 = CARTESIAN_POINT('',(3.297505552404,6.363961030692));
#840 = CARTESIAN_POINT('',(3.443796247446,6.363961030699));
#841 = CARTESIAN_POINT('',(3.585521403615,6.363961030706));
#842 = CARTESIAN_POINT('',(3.723478112786,6.363961030712));
#843 = CARTESIAN_POINT('',(3.859387759344,6.363961030718));
#844 = CARTESIAN_POINT('',(3.994595402727,6.363961030724));
#845 = CARTESIAN_POINT('',(4.130495880874,6.363961030728));
#846 = CARTESIAN_POINT('',(4.268489263691,6.363961030733));
#847 = CARTESIAN_POINT('',(4.410076893685,6.363961030736));
#848 = CARTESIAN_POINT('',(4.556881019776,6.363961030738));
#849 = CARTESIAN_POINT('',(4.659545486955,6.363961030739));
#850 = CARTESIAN_POINT('',(4.712388980391,6.363961030739));
#851 = ( GEOMETRIC_REPRESENTATION_CONTEXT(2) 
PARAMETRIC_REPRESENTATION_CONTEXT() REPRESENTATION_CONTEXT('2D SPACE',''
  ) );
#852 = ORIENTED_EDGE('',*,*,#737,.F.);
#853 = ADVANCED_FACE('',(#854),#507,.T.);
#854 = FACE_BOUND('',#855,.T.);
#855 = EDGE_LOOP('',(#856,#857,#858,#859));
#856 = ORIENTED_EDGE('',*,*,#809,.F.);
#857 = ORIENTED_EDGE('',*,*,#683,.F.);
#858 = ORIENTED_EDGE('',*,*,#492,.F.);
#859 = ORIENTED_EDGE('',*,*,#662,.F.);
#860 = ADVANCED_FACE('',(#861),#320,.T.);
#861 = FACE_BOUND('',#862,.T.);
#862 = EDGE_LOOP('',(#863,#864,#865,#866));
#863 = ORIENTED_EDGE('',*,*,#305,.T.);
#864 = ORIENTED_EDGE('',*,*,#558,.F.);
#865 = ORIENTED_EDGE('',*,*,#347,.T.);
#866 = ORIENTED_EDGE('',*,*,#867,.F.);
#867 = EDGE_CURVE('',#191,#218,#868,.T.);
#868 = SURFACE_CURVE('',#869,(#874,#903),.PCURVE_S1.);
#869 = CIRCLE('',#870,2.500000000037);
#870 = AXIS2_PLACEMENT_3D('',#871,#872,#873);
#871 = CARTESIAN_POINT('',(-3.373240533566E-08,0.900008427742,
    -3.485904997547E-06));
#872 = DIRECTION('',(-1.876043631989E-08,-0.999999999998,
    -1.936593614721E-06));
#873 = DIRECTION('',(1.87540237166E-02,-1.936604855471E-06,0.99982412783
    ));
#874 = PCURVE('',#320,#875);
#875 = DEFINITIONAL_REPRESENTATION('',(#876),#902);
#876 = B_SPLINE_CURVE_WITH_KNOTS('',3,(#877,#878,#879,#880,#881,#882,
    #883,#884,#885,#886,#887,#888,#889,#890,#891,#892,#893,#894,#895,
    #896,#897,#898,#899,#900,#901),.UNSPECIFIED.,.F.,.F.,(4,1,1,1,1,1,1,
    1,1,1,1,1,1,1,1,1,1,1,1,1,1,1,4),(0.,0.14279966607,0.285599332141,
    0.428398998211,0.571198664282,0.713998330352,0.856797996423,
    0.999597662493,1.142397328564,1.285196994634,1.427996660705,
    1.570796326775,1.713595992846,1.856395658916,1.999195324987,
    2.141994991057,2.284794657128,2.427594323198,2.570393989268,
    2.713193655339,2.855993321409,2.99879298748,3.14159265355),
  .QUASI_UNIFORM_KNOTS.);
#877 = CARTESIAN_POINT('',(3.53553387502,1.570796326813));
#878 = CARTESIAN_POINT('',(3.535533875019,1.623639820248));
#879 = CARTESIAN_POINT('',(3.535533875017,1.726304287429));
#880 = CARTESIAN_POINT('',(3.535533875015,1.87310841352));
#881 = CARTESIAN_POINT('',(3.535533875014,2.014696043516));
#882 = CARTESIAN_POINT('',(3.535533875013,2.152689426334));
#883 = CARTESIAN_POINT('',(3.535533875013,2.288589904482));
#884 = CARTESIAN_POINT('',(3.535533875013,2.423797547867));
#885 = CARTESIAN_POINT('',(3.535533875013,2.559707194427));
#886 = CARTESIAN_POINT('',(3.535533875014,2.6976639036));
#887 = CARTESIAN_POINT('',(3.535533875016,2.83938905977));
#888 = CARTESIAN_POINT('',(3.535533875018,2.985679754813));
#889 = CARTESIAN_POINT('',(3.535533875021,3.141592653611));
#890 = CARTESIAN_POINT('',(3.535533875024,3.297505552404));
#891 = CARTESIAN_POINT('',(3.535533875027,3.443796247446));
#892 = CARTESIAN_POINT('',(3.535533875031,3.585521403614));
#893 = CARTESIAN_POINT('',(3.535533875034,3.723478112784));
#894 = CARTESIAN_POINT('',(3.535533875038,3.859387759342));
#895 = CARTESIAN_POINT('',(3.535533875042,3.994595402725));
#896 = CARTESIAN_POINT('',(3.535533875045,4.13049588087));
#897 = CARTESIAN_POINT('',(3.535533875049,4.268489263687));
#898 = CARTESIAN_POINT('',(3.535533875053,4.41007689368));
#899 = CARTESIAN_POINT('',(3.535533875056,4.556881019769));
#900 = CARTESIAN_POINT('',(3.535533875058,4.659545486947));
#901 = CARTESIAN_POINT('',(3.535533875058,4.712388980382));
#902 = ( GEOMETRIC_REPRESENTATION_CONTEXT(2) 
PARAMETRIC_REPRESENTATION_CONTEXT() REPRESENTATION_CONTEXT('2D SPACE',''
  ) );
#903 = PCURVE('',#205,#904);
#904 = DEFINITIONAL_REPRESENTATION('',(#905),#909);
#905 = LINE('',#906,#907);
#906 = CARTESIAN_POINT('',(3.160347776845,-1.400000000003));
#907 = VECTOR('',#908,1.);
#908 = DIRECTION('',(-1.,2.323925287249E-13));
#909 = ( GEOMETRIC_REPRESENTATION_CONTEXT(2) 
PARAMETRIC_REPRESENTATION_CONTEXT() REPRESENTATION_CONTEXT('2D SPACE',''
  ) );
#910 = ADVANCED_FACE('',(#911),#205,.F.);
#911 = FACE_BOUND('',#912,.F.);
#912 = EDGE_LOOP('',(#913,#1068,#1069,#1070));
#913 = ORIENTED_EDGE('',*,*,#914,.T.);
#914 = EDGE_CURVE('',#24,#22,#915,.T.);
#915 = SURFACE_CURVE('',#916,(#954,#1027),.PCURVE_S1.);
#916 = B_SPLINE_CURVE_WITH_KNOTS('',3,(#917,#918,#919,#920,#921,#922,
    #923,#924,#925,#926,#927,#928,#929,#930,#931,#932,#933,#934,#935,
    #936,#937,#938,#939,#940,#941,#942,#943,#944,#945,#946,#947,#948,
    #949,#950,#951,#952,#953),.UNSPECIFIED.,.F.,.F.,(4,2,2,3,2,2,2,2,3,2
    ,2,2,2,3,2,2,4),(7.964445026273,8.387868529581,8.890023360355,
    9.896861306557,10.903522857109,11.405589711523,11.65646574291,
    11.781884102611,11.907302462365,12.033353240133,12.159404017837,
    12.409022415414,12.911090717943,13.917742444849,14.924580391062,
    15.42673522184,15.850158725143),.UNSPECIFIED.);
#917 = CARTESIAN_POINT('',(4.688505934679E-02,2.700143395531,
    2.499560319846));
#918 = CARTESIAN_POINT('',(-9.38442195374E-02,2.70014127501,
    2.502200030242));
#919 = CARTESIAN_POINT('',(-0.234592322378,2.700139194111,2.49295095666)
  );
#920 = CARTESIAN_POINT('',(-0.539014512032,2.700134780755,2.446909197613
    ));
#921 = CARTESIAN_POINT('',(-0.7012537481,2.700132485523,2.405440592966)
  );
#922 = CARTESIAN_POINT('',(-1.172707180303,2.700125989616,2.233142528362
    ));
#923 = CARTESIAN_POINT('',(-1.460967027359,2.700122258316,2.056147618143
    ));
#924 = CARTESIAN_POINT('',(-1.705806618196,2.700119351483,1.827627911307
    ));
#925 = CARTESIAN_POINT('',(-1.950646209015,2.70011644465,1.599108204487)
  );
#926 = CARTESIAN_POINT('',(-2.147073770188,2.700114421548,1.32372274577)
  );
#927 = CARTESIAN_POINT('',(-2.351432475419,2.700112893945,0.865255209952
    ));
#928 = CARTESIAN_POINT('',(-2.403976291578,2.700112639188,0.706257215378
    ));
#929 = CARTESIAN_POINT('',(-2.458406651088,2.700112643166,0.461739439622
    ));
#930 = CARTESIAN_POINT('',(-2.472451065019,2.700112708761,0.379410468058
    ));
#931 = CARTESIAN_POINT('',(-2.487300577253,2.700112903178,0.255101814635
    ));
#932 = CARTESIAN_POINT('',(-2.491211838349,2.700112983948,0.213552508495
    ));
#933 = CARTESIAN_POINT('',(-2.496950889768,2.700113177275,0.130297166012
    ));
#934 = CARTESIAN_POINT('',(-2.498777780647,2.700113289803,
    8.8604177742E-02));
#935 = CARTESIAN_POINT('',(-2.499560319607,2.700113418089,
    4.6885059532E-02));
#936 = CARTESIAN_POINT('',(-2.500346792282,2.70011354702,
    4.956225057995E-03));
#937 = CARTESIAN_POINT('',(-2.500078138642,2.700113691827,
    -3.698576093301E-02));
#938 = CARTESIAN_POINT('',(-2.497431088831,2.70011401292,-0.120816399259
    ));
#939 = CARTESIAN_POINT('',(-2.495053111697,2.700114189155,
    -0.162691780953));
#940 = CARTESIAN_POINT('',(-2.484830169569,2.700114760644,
    -0.287255486981));
#941 = CARTESIAN_POINT('',(-2.473917473634,2.700115200888,
    -0.369633629439));
#942 = CARTESIAN_POINT('',(-2.428771321672,2.700116703906,
    -0.615605738888));
#943 = CARTESIAN_POINT('',(-2.382227527341,2.700117942209,
    -0.776462476651));
#944 = CARTESIAN_POINT('',(-2.195204984405,2.700122311977,
    -1.242273221834));
#945 = CARTESIAN_POINT('',(-2.00924294989,2.700126050754,-1.524831285552
    ));
#946 = CARTESIAN_POINT('',(-1.773145406358,2.700130390721,
    -1.762372085348));
#947 = CARTESIAN_POINT('',(-1.537047862809,2.700134730689,
    -1.999912885161));
#948 = CARTESIAN_POINT('',(-1.255628351385,2.700139583364,
    -2.187593454883));
#949 = CARTESIAN_POINT('',(-0.790967979569,2.700147192897,
    -2.377450508095));
#950 = CARTESIAN_POINT('',(-0.630397999767,2.700149761781,
    -2.424974149343));
#951 = CARTESIAN_POINT('',(-0.32791658161,2.700154493298,-2.482399795146
    ));
#952 = CARTESIAN_POINT('',(-0.187614338438,2.70015664729,-2.496920620734
    ));
#953 = CARTESIAN_POINT('',(-4.688505933621E-02,2.70015876781,
    -2.499560319365));
#954 = PCURVE('',#205,#955);
#955 = DEFINITIONAL_REPRESENTATION('',(#956),#1026);
#956 = B_SPLINE_CURVE_WITH_KNOTS('',3,(#957,#958,#959,#960,#961,#962,
    #963,#964,#965,#966,#967,#968,#969,#970,#971,#972,#973,#974,#975,
    #976,#977,#978,#979,#980,#981,#982,#983,#984,#985,#986,#987,#988,
    #989,#990,#991,#992,#993,#994,#995,#996,#997,#998,#999,#1000,#1001,
    #1002,#1003,#1004,#1005,#1006,#1007,#1008,#1009,#1010,#1011,#1012,
    #1013,#1014,#1015,#1016,#1017,#1018,#1019,#1020,#1021,#1022,#1023,
    #1024,#1025),.UNSPECIFIED.,.F.,.F.,(4,1,1,1,1,1,1,1,1,1,1,1,1,1,1,1,
    1,1,1,1,1,1,1,1,1,1,1,1,1,1,1,1,1,1,1,1,1,1,1,1,1,1,1,1,1,1,1,1,1,1,
    1,1,1,1,1,1,1,1,1,1,1,1,1,1,1,1,4),(7.964445026273,8.083925536862,
    8.20340604745,8.322886558039,8.442367068628,8.561847579217,
    8.681328089806,8.800808600395,8.920289110984,9.039769621573,
    9.159250132162,9.278730642751,9.39821115334,9.517691663929,
    9.637172174518,9.756652685107,9.876133195696,9.995613706285,
    10.115094216874,10.234574727463,10.354055238052,10.47353574864,
    10.593016259229,10.712496769818,10.831977280407,10.951457790996,
    11.070938301585,11.190418812174,11.309899322763,11.429379833352,
    11.548860343941,11.66834085453,11.787821365119,11.907301875708,
    12.026782386297,12.146262896886,12.265743407475,12.385223918064,
    12.504704428653,12.624184939242,12.743665449831,12.863145960419,
    12.982626471008,13.102106981597,13.221587492186,13.341068002775,
    13.460548513364,13.580029023953,13.699509534542,13.818990045131,
    13.93847055572,14.057951066309,14.177431576898,14.296912087487,
    14.416392598076,14.535873108665,14.655353619254,14.774834129843,
    14.894314640432,15.013795151021,15.13327566161,15.252756172198,
    15.372236682787,15.491717193376,15.611197703965,15.730678214554,
    15.850158725143),.QUASI_UNIFORM_KNOTS.);
#957 = CARTESIAN_POINT('',(3.160347776854,0.400139809301));
#958 = CARTESIAN_POINT('',(3.144460745757,0.400139211636));
#959 = CARTESIAN_POINT('',(3.112699822972,0.400138018955));
#960 = CARTESIAN_POINT('',(3.065069315372,0.400136240856));
#961 = CARTESIAN_POINT('',(3.01742745498,0.400134476877));
#962 = CARTESIAN_POINT('',(2.969729919446,0.400132729433));
#963 = CARTESIAN_POINT('',(2.922084550089,0.400131006443));
#964 = CARTESIAN_POINT('',(2.874452418656,0.400129310354));
#965 = CARTESIAN_POINT('',(2.826819600846,0.400127644492));
#966 = CARTESIAN_POINT('',(2.779118921114,0.400126010393));
#967 = CARTESIAN_POINT('',(2.731503603478,0.400124417006));
#968 = CARTESIAN_POINT('',(2.68397367676,0.400122867697));
#969 = CARTESIAN_POINT('',(2.636494119456,0.400121364642));
#970 = CARTESIAN_POINT('',(2.589040218635,0.400119910337));
#971 = CARTESIAN_POINT('',(2.541585371108,0.400118507198));
#972 = CARTESIAN_POINT('',(2.494102346482,0.400117157632));
#973 = CARTESIAN_POINT('',(2.44656822507,0.400115864168));
#974 = CARTESIAN_POINT('',(2.398941175939,0.400114628854));
#975 = CARTESIAN_POINT('',(2.351246237878,0.400113455541));
#976 = CARTESIAN_POINT('',(2.303685251003,0.400112351687));
#977 = CARTESIAN_POINT('',(2.256176422441,0.400111317425));
#978 = CARTESIAN_POINT('',(2.208707289815,0.400110354654));
#979 = CARTESIAN_POINT('',(2.161247365424,0.400109464798));
#980 = CARTESIAN_POINT('',(2.113771987827,0.400108649413));
#981 = CARTESIAN_POINT('',(2.066252071242,0.400107909995));
#982 = CARTESIAN_POINT('',(2.018669042065,0.400107248153));
#983 = CARTESIAN_POINT('',(1.970963151693,0.400106665105));
#984 = CARTESIAN_POINT('',(1.923306621597,0.400106164477));
#985 = CARTESIAN_POINT('',(1.87566697147,0.40010574681));
#986 = CARTESIAN_POINT('',(1.828023782276,0.400105412843));
#987 = CARTESIAN_POINT('',(1.780329303403,0.400105163175));
#988 = CARTESIAN_POINT('',(1.732642576332,0.400104998816));
#989 = CARTESIAN_POINT('',(1.684950050759,0.40010492005));
#990 = CARTESIAN_POINT('',(1.637249951821,0.400104927111));
#991 = CARTESIAN_POINT('',(1.589551464728,0.400105019994));
#992 = CARTESIAN_POINT('',(1.541854294819,0.400105198475));
#993 = CARTESIAN_POINT('',(1.494154902828,0.400105462167));
#994 = CARTESIAN_POINT('',(1.44646284923,0.40010581041));
#995 = CARTESIAN_POINT('',(1.398776788118,0.400106242365));
#996 = CARTESIAN_POINT('',(1.351083019383,0.400106757214));
#997 = CARTESIAN_POINT('',(1.30344017709,0.400107353027));
#998 = CARTESIAN_POINT('',(1.255800611495,0.400108028879));
#999 = CARTESIAN_POINT('',(1.208143882587,0.400108783557));
#1000 = CARTESIAN_POINT('',(1.160437489801,0.400109616104));
#1001 = CARTESIAN_POINT('',(1.112853997813,0.400110521431));
#1002 = CARTESIAN_POINT('',(1.065333612088,0.400111498117));
#1003 = CARTESIAN_POINT('',(1.017857770307,0.400112544126));
#1004 = CARTESIAN_POINT('',(0.970397382405,0.400113657599));
#1005 = CARTESIAN_POINT('',(0.922927787988,0.400114836592));
#1006 = CARTESIAN_POINT('',(0.875418494799,0.40011607932));
#1007 = CARTESIAN_POINT('',(0.827857053039,0.40011738345));
#1008 = CARTESIAN_POINT('',(0.78016161942,0.400118748678));
#1009 = CARTESIAN_POINT('',(0.732534703074,0.400120166258));
#1010 = CARTESIAN_POINT('',(0.685000546084,0.40012163191));
#1011 = CARTESIAN_POINT('',(0.637517530992,0.400123143389));
#1012 = CARTESIAN_POINT('',(0.590062680911,0.400124697904));
#1013 = CARTESIAN_POINT('',(0.542608780775,0.400126292807));
#1014 = CARTESIAN_POINT('',(0.495129223289,0.400127925432));
#1015 = CARTESIAN_POINT('',(0.447599296621,0.400129593035));
#1016 = CARTESIAN_POINT('',(0.399983978973,0.400131293207));
#1017 = CARTESIAN_POINT('',(0.352283299244,0.400133022268));
#1018 = CARTESIAN_POINT('',(0.304650481433,0.400134770744));
#1019 = CARTESIAN_POINT('',(0.257018350001,0.400136537065));
#1020 = CARTESIAN_POINT('',(0.209372980644,0.400138317758));
#1021 = CARTESIAN_POINT('',(0.161675445111,0.400140110261));
#1022 = CARTESIAN_POINT('',(0.114033584719,0.400141906449));
#1023 = CARTESIAN_POINT('',(6.640307711859E-02,0.400143703903));
#1024 = CARTESIAN_POINT('',(3.46421543339E-02,0.400144900892));
#1025 = CARTESIAN_POINT('',(1.875512323736E-02,0.400145498557));
#1026 = ( GEOMETRIC_REPRESENTATION_CONTEXT(2) 
PARAMETRIC_REPRESENTATION_CONTEXT() REPRESENTATION_CONTEXT('2D SPACE',''
  ) );
#1027 = PCURVE('',#144,#1028);
#1028 = DEFINITIONAL_REPRESENTATION('',(#1029),#1067);
#1029 = B_SPLINE_CURVE_WITH_KNOTS('',3,(#1030,#1031,#1032,#1033,#1034,
    #1035,#1036,#1037,#1038,#1039,#1040,#1041,#1042,#1043,#1044,#1045,
    #1046,#1047,#1048,#1049,#1050,#1051,#1052,#1053,#1054,#1055,#1056,
    #1057,#1058,#1059,#1060,#1061,#1062,#1063,#1064,#1065,#1066),
  .UNSPECIFIED.,.F.,.F.,(4,2,2,3,2,2,2,2,3,2,2,2,2,3,2,2,4),(
    7.964445026273,8.387868529581,8.890023360355,9.896861306557,
    10.903522857109,11.405589711523,11.65646574291,11.781884102611,
    11.907302462365,12.033353240133,12.159404017837,12.409022415414,
    12.911090717943,13.917742444849,14.924580391062,15.42673522184,
    15.850158725143),.UNSPECIFIED.);
#1030 = CARTESIAN_POINT('',(14.99534785728,-12.5510961028));
#1031 = CARTESIAN_POINT('',(14.997987567676,-12.41036682391));
#1032 = CARTESIAN_POINT('',(14.988738494094,-12.26961872107));
#1033 = CARTESIAN_POINT('',(14.942696735047,-11.96519653142));
#1034 = CARTESIAN_POINT('',(14.9012281304,-11.80295729535));
#1035 = CARTESIAN_POINT('',(14.728930065796,-11.33150386315));
#1036 = CARTESIAN_POINT('',(14.551935155577,-11.04324401609));
#1037 = CARTESIAN_POINT('',(14.323415448741,-10.79840442526));
#1038 = CARTESIAN_POINT('',(14.094895741921,-10.55356483444));
#1039 = CARTESIAN_POINT('',(13.819510283204,-10.35713727326));
#1040 = CARTESIAN_POINT('',(13.361042747386,-10.15277856803));
#1041 = CARTESIAN_POINT('',(13.202044752812,-10.10023475187));
#1042 = CARTESIAN_POINT('',(12.957526977056,-10.04580439236));
#1043 = CARTESIAN_POINT('',(12.875198005492,-10.03175997843));
#1044 = CARTESIAN_POINT('',(12.750889352069,-10.0169104662));
#1045 = CARTESIAN_POINT('',(12.709340045929,-10.0129992051));
#1046 = CARTESIAN_POINT('',(12.626084703446,-10.00726015368));
#1047 = CARTESIAN_POINT('',(12.584391715176,-10.00543326281));
#1048 = CARTESIAN_POINT('',(12.542672596966,-10.00465072385));
#1049 = CARTESIAN_POINT('',(12.500743762492,-10.00386425117));
#1050 = CARTESIAN_POINT('',(12.458801776501,-10.00413290481));
#1051 = CARTESIAN_POINT('',(12.374971138175,-10.00677995462));
#1052 = CARTESIAN_POINT('',(12.333095756481,-10.00915793176));
#1053 = CARTESIAN_POINT('',(12.208532050453,-10.01938087388));
#1054 = CARTESIAN_POINT('',(12.126153907995,-10.03029356982));
#1055 = CARTESIAN_POINT('',(11.880181798546,-10.07543972178));
#1056 = CARTESIAN_POINT('',(11.719325060783,-10.12198351611));
#1057 = CARTESIAN_POINT('',(11.2535143156,-10.30900605905));
#1058 = CARTESIAN_POINT('',(10.970956251882,-10.49496809356));
#1059 = CARTESIAN_POINT('',(10.733415452086,-10.73106563709));
#1060 = CARTESIAN_POINT('',(10.495874652273,-10.96716318064));
#1061 = CARTESIAN_POINT('',(10.308194082551,-11.24858269207));
#1062 = CARTESIAN_POINT('',(10.118337029339,-11.71324306388));
#1063 = CARTESIAN_POINT('',(10.070813388091,-11.87381304369));
#1064 = CARTESIAN_POINT('',(10.013387742288,-12.17629446184));
#1065 = CARTESIAN_POINT('',(9.9988669167,-12.31659670501));
#1066 = CARTESIAN_POINT('',(9.996227218069,-12.45732598412));
#1067 = ( GEOMETRIC_REPRESENTATION_CONTEXT(2) 
PARAMETRIC_REPRESENTATION_CONTEXT() REPRESENTATION_CONTEXT('2D SPACE',''
  ) );
#1068 = ORIENTED_EDGE('',*,*,#282,.F.);
#1069 = ORIENTED_EDGE('',*,*,#867,.F.);
#1070 = ORIENTED_EDGE('',*,*,#190,.F.);
#1071 = ADVANCED_FACE('',(#1072),#1085,.F.);
#1072 = FACE_BOUND('',#1073,.F.);
#1073 = EDGE_LOOP('',(#1074,#1106,#1134,#1154));
#1074 = ORIENTED_EDGE('',*,*,#1075,.T.);
#1075 = EDGE_CURVE('',#1076,#1078,#1080,.T.);
#1076 = VERTEX_POINT('',#1077);
#1077 = CARTESIAN_POINT('',(-1.599999909177,6.200008427734,
    5.39104385993E-04));
#1078 = VERTEX_POINT('',#1079);
#1079 = CARTESIAN_POINT('',(-1.599999909177,2.700008427734,
    5.39104385993E-04));
#1080 = SURFACE_CURVE('',#1081,(#1084,#1095),.PCURVE_S1.);
#1081 = B_SPLINE_CURVE_WITH_KNOTS('',1,(#1082,#1083),.UNSPECIFIED.,.F.,
  .F.,(2,2),(0.526319914265,2.486721878594),.PIECEWISE_BEZIER_KNOTS.);
#1082 = CARTESIAN_POINT('',(-1.599999909177,6.200008427734,
    5.39104385993E-04));
#1083 = CARTESIAN_POINT('',(-1.599999909177,2.700008427734,
    5.39104385993E-04));
#1084 = PCURVE('',#1085,#1090);
#1085 = CYLINDRICAL_SURFACE('',#1086,1.6);
#1086 = AXIS2_PLACEMENT_3D('',#1087,#1088,#1089);
#1087 = CARTESIAN_POINT('',(4.055764344441E-16,-2.953107758066,0.));
#1088 = DIRECTION('',(1.110223024625E-16,-1.,0.));
#1089 = DIRECTION('',(0.,0.,1.));
#1090 = DEFINITIONAL_REPRESENTATION('',(#1091),#1094);
#1091 = B_SPLINE_CURVE_WITH_KNOTS('',1,(#1092,#1093),.UNSPECIFIED.,.F.,
  .F.,(2,2),(0.526319914265,2.486721878594),.PIECEWISE_BEZIER_KNOTS.);
#1092 = CARTESIAN_POINT('',(7.853644693727,-9.1531161858));
#1093 = CARTESIAN_POINT('',(7.853644693727,-5.6531161858));
#1094 = ( GEOMETRIC_REPRESENTATION_CONTEXT(2) 
PARAMETRIC_REPRESENTATION_CONTEXT() REPRESENTATION_CONTEXT('2D SPACE',''
  ) );
#1095 = PCURVE('',#1096,#1101);
#1096 = CYLINDRICAL_SURFACE('',#1097,1.6);
#1097 = AXIS2_PLACEMENT_3D('',#1098,#1099,#1100);
#1098 = CARTESIAN_POINT('',(4.055764344441E-16,-2.953107758066,0.));
#1099 = DIRECTION('',(1.110223024625E-16,-1.,0.));
#1100 = DIRECTION('',(0.,0.,1.));
#1101 = DEFINITIONAL_REPRESENTATION('',(#1102),#1105);
#1102 = B_SPLINE_CURVE_WITH_KNOTS('',1,(#1103,#1104),.UNSPECIFIED.,.F.,
  .F.,(2,2),(0.526319914265,2.486721878594),.PIECEWISE_BEZIER_KNOTS.);
#1103 = CARTESIAN_POINT('',(1.570459386547,-9.1531161858));
#1104 = CARTESIAN_POINT('',(1.570459386547,-5.6531161858));
#1105 = ( GEOMETRIC_REPRESENTATION_CONTEXT(2) 
PARAMETRIC_REPRESENTATION_CONTEXT() REPRESENTATION_CONTEXT('2D SPACE',''
  ) );
#1106 = ORIENTED_EDGE('',*,*,#1107,.T.);
#1107 = EDGE_CURVE('',#1078,#1108,#1110,.T.);
#1108 = VERTEX_POINT('',#1109);
#1109 = CARTESIAN_POINT('',(1.599999909177,2.700008427734,
    -5.391043849983E-04));
#1110 = SURFACE_CURVE('',#1111,(#1116,#1123),.PCURVE_S1.);
#1111 = CIRCLE('',#1112,1.6);
#1112 = AXIS2_PLACEMENT_3D('',#1113,#1114,#1115);
#1113 = CARTESIAN_POINT('',(-1.139088832622E-13,2.700008427734,0.));
#1114 = DIRECTION('',(-1.110223024625E-16,1.,0.));
#1115 = DIRECTION('',(-0.999999943236,-1.110222961604E-16,
    3.369402408815E-04));
#1116 = PCURVE('',#1085,#1117);
#1117 = DEFINITIONAL_REPRESENTATION('',(#1118),#1122);
#1118 = LINE('',#1119,#1120);
#1119 = CARTESIAN_POINT('',(7.853644693727,-5.6531161858));
#1120 = VECTOR('',#1121,1.);
#1121 = DIRECTION('',(-1.,0.));
#1122 = ( GEOMETRIC_REPRESENTATION_CONTEXT(2) 
PARAMETRIC_REPRESENTATION_CONTEXT() REPRESENTATION_CONTEXT('2D SPACE',''
  ) );
#1123 = PCURVE('',#144,#1124);
#1124 = DEFINITIONAL_REPRESENTATION('',(#1125),#1133);
#1125 = ( BOUNDED_CURVE() B_SPLINE_CURVE(2,(#1126,#1127,#1128,#1129,
#1130,#1131,#1132),.UNSPECIFIED.,.T.,.F.) B_SPLINE_CURVE_WITH_KNOTS((1,2
    ,2,2,2,1),(-2.094395102393,0.,2.094395102393,4.188790204786,
6.28318530718,8.377580409573),.UNSPECIFIED.) CURVE() 
GEOMETRIC_REPRESENTATION_ITEM() RATIONAL_B_SPLINE_CURVE((1.,0.5,1.,0.5,
1.,0.5,1.)) REPRESENTATION_ITEM('') );
#1126 = CARTESIAN_POINT('',(12.49632664182,-10.90421113427));
#1127 = CARTESIAN_POINT('',(15.26760777662,-10.90514489046));
#1128 = CARTESIAN_POINT('',(13.881158552642,-13.30467787613));
#1129 = CARTESIAN_POINT('',(12.494709328663,-15.70421086181));
#1130 = CARTESIAN_POINT('',(11.109877417841,-13.30374411995));
#1131 = CARTESIAN_POINT('',(9.725045507019,-10.90327737809));
#1132 = CARTESIAN_POINT('',(12.49632664182,-10.90421113427));
#1133 = ( GEOMETRIC_REPRESENTATION_CONTEXT(2) 
PARAMETRIC_REPRESENTATION_CONTEXT() REPRESENTATION_CONTEXT('2D SPACE',''
  ) );
#1134 = ORIENTED_EDGE('',*,*,#1135,.F.);
#1135 = EDGE_CURVE('',#1136,#1108,#1138,.T.);
#1136 = VERTEX_POINT('',#1137);
#1137 = CARTESIAN_POINT('',(1.599999909177,6.200008427734,
    -5.391043849983E-04));
#1138 = SURFACE_CURVE('',#1139,(#1142,#1148),.PCURVE_S1.);
#1139 = B_SPLINE_CURVE_WITH_KNOTS('',1,(#1140,#1141),.UNSPECIFIED.,.F.,
  .F.,(2,2),(0.526319914265,2.486721878594),.PIECEWISE_BEZIER_KNOTS.);
#1140 = CARTESIAN_POINT('',(1.599999909177,6.200008427734,
    -5.391043849983E-04));
#1141 = CARTESIAN_POINT('',(1.599999909177,2.700008427734,
    -5.391043849983E-04));
#1142 = PCURVE('',#1085,#1143);
#1143 = DEFINITIONAL_REPRESENTATION('',(#1144),#1147);
#1144 = B_SPLINE_CURVE_WITH_KNOTS('',1,(#1145,#1146),.UNSPECIFIED.,.F.,
  .F.,(2,2),(0.526319914265,2.486721878594),.PIECEWISE_BEZIER_KNOTS.);
#1145 = CARTESIAN_POINT('',(4.712052040138,-9.1531161858));
#1146 = CARTESIAN_POINT('',(4.712052040138,-5.6531161858));
#1147 = ( GEOMETRIC_REPRESENTATION_CONTEXT(2) 
PARAMETRIC_REPRESENTATION_CONTEXT() REPRESENTATION_CONTEXT('2D SPACE',''
  ) );
#1148 = PCURVE('',#1096,#1149);
#1149 = DEFINITIONAL_REPRESENTATION('',(#1150),#1153);
#1150 = B_SPLINE_CURVE_WITH_KNOTS('',1,(#1151,#1152),.UNSPECIFIED.,.F.,
  .F.,(2,2),(0.526319914265,2.486721878594),.PIECEWISE_BEZIER_KNOTS.);
#1151 = CARTESIAN_POINT('',(4.712052040138,-9.1531161858));
#1152 = CARTESIAN_POINT('',(4.712052040138,-5.6531161858));
#1153 = ( GEOMETRIC_REPRESENTATION_CONTEXT(2) 
PARAMETRIC_REPRESENTATION_CONTEXT() REPRESENTATION_CONTEXT('2D SPACE',''
  ) );
#1154 = ORIENTED_EDGE('',*,*,#1155,.F.);
#1155 = EDGE_CURVE('',#1076,#1136,#1156,.T.);
#1156 = SURFACE_CURVE('',#1157,(#1162,#1169),.PCURVE_S1.);
#1157 = CIRCLE('',#1158,1.6);
#1158 = AXIS2_PLACEMENT_3D('',#1159,#1160,#1161);
#1159 = CARTESIAN_POINT('',(-1.142974613208E-13,6.200008427734,0.));
#1160 = DIRECTION('',(-6.663208226712E-16,1.,-5.549244413954E-16));
#1161 = DIRECTION('',(-0.999999943236,-6.661338084729E-16,
    3.369402409081E-04));
#1162 = PCURVE('',#1085,#1163);
#1163 = DEFINITIONAL_REPRESENTATION('',(#1164),#1168);
#1164 = LINE('',#1165,#1166);
#1165 = CARTESIAN_POINT('',(7.853644693727,-9.1531161858));
#1166 = VECTOR('',#1167,1.);
#1167 = DIRECTION('',(-1.,0.));
#1168 = ( GEOMETRIC_REPRESENTATION_CONTEXT(2) 
PARAMETRIC_REPRESENTATION_CONTEXT() REPRESENTATION_CONTEXT('2D SPACE',''
  ) );
#1169 = PCURVE('',#1170,#1175);
#1170 = PLANE('',#1171);
#1171 = AXIS2_PLACEMENT_3D('',#1172,#1173,#1174);
#1172 = CARTESIAN_POINT('',(-12.50421104345,6.200008427734,
    -12.49578753743));
#1173 = DIRECTION('',(-1.110223024625E-16,1.,0.));
#1174 = DIRECTION('',(0.,0.,-1.));
#1175 = DEFINITIONAL_REPRESENTATION('',(#1176),#1180);
#1176 = CIRCLE('',#1177,1.6);
#1177 = AXIS2_PLACEMENT_2D('',#1178,#1179);
#1178 = CARTESIAN_POINT('',(-12.49578753743,-12.50421104345));
#1179 = DIRECTION('',(-3.369402409081E-04,0.999999943236));
#1180 = ( GEOMETRIC_REPRESENTATION_CONTEXT(2) 
PARAMETRIC_REPRESENTATION_CONTEXT() REPRESENTATION_CONTEXT('2D SPACE',''
  ) );
#1181 = ADVANCED_FACE('',(#1182),#1195,.F.);
#1182 = FACE_BOUND('',#1183,.F.);
#1183 = EDGE_LOOP('',(#1184,#1218,#1242,#1264));
#1184 = ORIENTED_EDGE('',*,*,#1185,.T.);
#1185 = EDGE_CURVE('',#1186,#1188,#1190,.T.);
#1186 = VERTEX_POINT('',#1187);
#1187 = CARTESIAN_POINT('',(-0.797641373095,2.700008427734,
    7.000269154842));
#1188 = VERTEX_POINT('',#1189);
#1189 = CARTESIAN_POINT('',(-0.797641373096,6.200008427734,
    7.000269154842));
#1190 = SURFACE_CURVE('',#1191,(#1194,#1206),.PCURVE_S1.);
#1191 = B_SPLINE_CURVE_WITH_KNOTS('',1,(#1192,#1193),.UNSPECIFIED.,.F.,
  .F.,(2,2),(7.319049991286,10.819049991286),.PIECEWISE_BEZIER_KNOTS.);
#1192 = CARTESIAN_POINT('',(-0.797641373095,2.700008427734,
    7.000269154842));
#1193 = CARTESIAN_POINT('',(-0.797641373096,6.200008427734,
    7.000269154842));
#1194 = PCURVE('',#1195,#1200);
#1195 = CYLINDRICAL_SURFACE('',#1196,0.8);
#1196 = AXIS2_PLACEMENT_3D('',#1197,#1198,#1199);
#1197 = CARTESIAN_POINT('',(2.358581493098E-03,2.492441447235,
    6.99999960265));
#1198 = DIRECTION('',(-3.565012759582E-14,1.,-3.55151642493E-14));
#1199 = DIRECTION('',(-1.,-3.565012759582E-14,0.));
#1200 = DEFINITIONAL_REPRESENTATION('',(#1201),#1205);
#1201 = LINE('',#1202,#1203);
#1202 = CARTESIAN_POINT('',(6.283522247426,-7.111483010786));
#1203 = VECTOR('',#1204,1.);
#1204 = DIRECTION('',(4.568117028001E-14,1.));
#1205 = ( GEOMETRIC_REPRESENTATION_CONTEXT(2) 
PARAMETRIC_REPRESENTATION_CONTEXT() REPRESENTATION_CONTEXT('2D SPACE',''
  ) );
#1206 = PCURVE('',#1207,#1212);
#1207 = CYLINDRICAL_SURFACE('',#1208,0.8);
#1208 = AXIS2_PLACEMENT_3D('',#1209,#1210,#1211);
#1209 = CARTESIAN_POINT('',(2.358581493098E-03,2.492441447235,
    6.99999960265));
#1210 = DIRECTION('',(-3.562618655176E-14,1.,3.553910529337E-14));
#1211 = DIRECTION('',(-3.945633297127E-30,3.553910529337E-14,-1.));
#1212 = DEFINITIONAL_REPRESENTATION('',(#1213),#1217);
#1213 = LINE('',#1214,#1215);
#1214 = CARTESIAN_POINT('',(1.571133267042,-7.111483010786));
#1215 = VECTOR('',#1216,1.);
#1216 = DIRECTION('',(-4.567774729886E-14,1.));
#1217 = ( GEOMETRIC_REPRESENTATION_CONTEXT(2) 
PARAMETRIC_REPRESENTATION_CONTEXT() REPRESENTATION_CONTEXT('2D SPACE',''
  ) );
#1218 = ORIENTED_EDGE('',*,*,#1219,.F.);
#1219 = EDGE_CURVE('',#1220,#1188,#1222,.T.);
#1220 = VERTEX_POINT('',#1221);
#1221 = CARTESIAN_POINT('',(0.802358536082,6.200008427734,6.999730050457
    ));
#1222 = SURFACE_CURVE('',#1223,(#1228,#1235),.PCURVE_S1.);
#1223 = CIRCLE('',#1224,0.8);
#1224 = AXIS2_PLACEMENT_3D('',#1225,#1226,#1227);
#1225 = CARTESIAN_POINT('',(2.358581493098E-03,6.200008427734,
    6.99999960265));
#1226 = DIRECTION('',(-3.454027871303E-14,1.,-3.662576128972E-14));
#1227 = DIRECTION('',(0.999999943236,3.452793605954E-14,
    -3.36940240917E-04));
#1228 = PCURVE('',#1195,#1229);
#1229 = DEFINITIONAL_REPRESENTATION('',(#1230),#1234);
#1230 = LINE('',#1231,#1232);
#1231 = CARTESIAN_POINT('',(3.141929593837,3.7075669805));
#1232 = VECTOR('',#1233,1.);
#1233 = DIRECTION('',(1.,1.130863886742E-15));
#1234 = ( GEOMETRIC_REPRESENTATION_CONTEXT(2) 
PARAMETRIC_REPRESENTATION_CONTEXT() REPRESENTATION_CONTEXT('2D SPACE',''
  ) );
#1235 = PCURVE('',#1170,#1236);
#1236 = DEFINITIONAL_REPRESENTATION('',(#1237),#1241);
#1237 = CIRCLE('',#1238,0.8);
#1238 = AXIS2_PLACEMENT_2D('',#1239,#1240);
#1239 = CARTESIAN_POINT('',(-19.49578714008,-12.50656962495));
#1240 = DIRECTION('',(3.36940240917E-04,-0.999999943236));
#1241 = ( GEOMETRIC_REPRESENTATION_CONTEXT(2) 
PARAMETRIC_REPRESENTATION_CONTEXT() REPRESENTATION_CONTEXT('2D SPACE',''
  ) );
#1242 = ORIENTED_EDGE('',*,*,#1243,.F.);
#1243 = EDGE_CURVE('',#1244,#1220,#1246,.T.);
#1244 = VERTEX_POINT('',#1245);
#1245 = CARTESIAN_POINT('',(0.802358536082,2.700008427734,6.999730050457
    ));
#1246 = SURFACE_CURVE('',#1247,(#1250,#1257),.PCURVE_S1.);
#1247 = B_SPLINE_CURVE_WITH_KNOTS('',1,(#1248,#1249),.UNSPECIFIED.,.F.,
  .F.,(2,2),(7.319049991286,10.819049991286),.PIECEWISE_BEZIER_KNOTS.);
#1248 = CARTESIAN_POINT('',(0.802358536082,2.700008427734,6.999730050457
    ));
#1249 = CARTESIAN_POINT('',(0.802358536082,6.200008427734,6.999730050457
    ));
#1250 = PCURVE('',#1195,#1251);
#1251 = DEFINITIONAL_REPRESENTATION('',(#1252),#1256);
#1252 = LINE('',#1253,#1254);
#1253 = CARTESIAN_POINT('',(3.141929593838,-7.111483010786));
#1254 = VECTOR('',#1255,1.);
#1255 = DIRECTION('',(-4.567774729886E-14,1.));
#1256 = ( GEOMETRIC_REPRESENTATION_CONTEXT(2) 
PARAMETRIC_REPRESENTATION_CONTEXT() REPRESENTATION_CONTEXT('2D SPACE',''
  ) );
#1257 = PCURVE('',#1207,#1258);
#1258 = DEFINITIONAL_REPRESENTATION('',(#1259),#1263);
#1259 = LINE('',#1260,#1261);
#1260 = CARTESIAN_POINT('',(4.712725920632,-7.111483010786));
#1261 = VECTOR('',#1262,1.);
#1262 = DIRECTION('',(4.567774729886E-14,1.));
#1263 = ( GEOMETRIC_REPRESENTATION_CONTEXT(2) 
PARAMETRIC_REPRESENTATION_CONTEXT() REPRESENTATION_CONTEXT('2D SPACE',''
  ) );
#1264 = ORIENTED_EDGE('',*,*,#1265,.T.);
#1265 = EDGE_CURVE('',#1244,#1186,#1266,.T.);
#1266 = SURFACE_CURVE('',#1267,(#1272,#1279),.PCURVE_S1.);
#1267 = CIRCLE('',#1268,0.8);
#1268 = AXIS2_PLACEMENT_3D('',#1269,#1270,#1271);
#1269 = CARTESIAN_POINT('',(2.358581493197E-03,2.700008427734,
    6.99999960265));
#1270 = DIRECTION('',(-3.565012759582E-14,1.,-3.55151642493E-14));
#1271 = DIRECTION('',(0.999999943236,3.563815908417E-14,
    -3.369402407572E-04));
#1272 = PCURVE('',#1195,#1273);
#1273 = DEFINITIONAL_REPRESENTATION('',(#1274),#1278);
#1274 = LINE('',#1275,#1276);
#1275 = CARTESIAN_POINT('',(3.141929593837,0.2075669805));
#1276 = VECTOR('',#1277,1.);
#1277 = DIRECTION('',(1.,0.));
#1278 = ( GEOMETRIC_REPRESENTATION_CONTEXT(2) 
PARAMETRIC_REPRESENTATION_CONTEXT() REPRESENTATION_CONTEXT('2D SPACE',''
  ) );
#1279 = PCURVE('',#725,#1280);
#1280 = DEFINITIONAL_REPRESENTATION('',(#1281),#1289);
#1281 = ( BOUNDED_CURVE() B_SPLINE_CURVE(2,(#1282,#1283,#1284,#1285,
#1286,#1287,#1288),.UNSPECIFIED.,.T.,.F.) B_SPLINE_CURVE_WITH_KNOTS((1,2
    ,2,2,2,1),(-2.094395102393,0.,2.094395102393,4.188790204786,
6.28318530718,8.377580409573),.UNSPECIFIED.) CURVE() 
GEOMETRIC_REPRESENTATION_ITEM() RATIONAL_B_SPLINE_CURVE((1.,0.5,1.,0.5,
1.,0.5,1.)) REPRESENTATION_ITEM('') );
#1282 = CARTESIAN_POINT('',(17.196292681004,-11.00579474754));
#1283 = CARTESIAN_POINT('',(15.810652113604,-11.00532786944));
#1284 = CARTESIAN_POINT('',(16.503876725593,-9.805561376613));
#1285 = CARTESIAN_POINT('',(17.197101337581,-8.605794883777));
#1286 = CARTESIAN_POINT('',(17.889517292992,-9.806028254706));
#1287 = CARTESIAN_POINT('',(18.581933248404,-11.00626162563));
#1288 = CARTESIAN_POINT('',(17.196292681004,-11.00579474754));
#1289 = ( GEOMETRIC_REPRESENTATION_CONTEXT(2) 
PARAMETRIC_REPRESENTATION_CONTEXT() REPRESENTATION_CONTEXT('2D SPACE',''
  ) );
#1290 = ADVANCED_FACE('',(#1291),#1304,.F.);
#1291 = FACE_BOUND('',#1292,.F.);
#1292 = EDGE_LOOP('',(#1293,#1327,#1351,#1373));
#1293 = ORIENTED_EDGE('',*,*,#1294,.T.);
#1294 = EDGE_CURVE('',#1295,#1297,#1299,.T.);
#1295 = VERTEX_POINT('',#1296);
#1296 = CARTESIAN_POINT('',(6.199999648061,2.700008427734,
    -2.089029400011E-03));
#1297 = VERTEX_POINT('',#1298);
#1298 = CARTESIAN_POINT('',(6.199999648061,6.200008427734,
    -2.089029400011E-03));
#1299 = SURFACE_CURVE('',#1300,(#1303,#1315),.PCURVE_S1.);
#1300 = B_SPLINE_CURVE_WITH_KNOTS('',1,(#1301,#1302),.UNSPECIFIED.,.F.,
  .F.,(2,2),(7.319049991286,10.819049991286),.PIECEWISE_BEZIER_KNOTS.);
#1301 = CARTESIAN_POINT('',(6.199999648061,2.700008427734,
    -2.089029400011E-03));
#1302 = CARTESIAN_POINT('',(6.199999648061,6.200008427734,
    -2.089029400011E-03));
#1303 = PCURVE('',#1304,#1309);
#1304 = CYLINDRICAL_SURFACE('',#1305,0.8);
#1305 = AXIS2_PLACEMENT_3D('',#1306,#1307,#1308);
#1306 = CARTESIAN_POINT('',(6.999999602649,2.492441447235,
    -2.358581593001E-03));
#1307 = DIRECTION('',(-1.110223024625E-16,1.,0.));
#1308 = DIRECTION('',(0.,0.,-1.));
#1309 = DEFINITIONAL_REPRESENTATION('',(#1310),#1314);
#1310 = LINE('',#1311,#1312);
#1311 = CARTESIAN_POINT('',(1.571133267043,-7.111483010786));
#1312 = VECTOR('',#1313,1.);
#1313 = DIRECTION('',(-6.344131569287E-17,1.));
#1314 = ( GEOMETRIC_REPRESENTATION_CONTEXT(2) 
PARAMETRIC_REPRESENTATION_CONTEXT() REPRESENTATION_CONTEXT('2D SPACE',''
  ) );
#1315 = PCURVE('',#1316,#1321);
#1316 = CYLINDRICAL_SURFACE('',#1317,0.8);
#1317 = AXIS2_PLACEMENT_3D('',#1318,#1319,#1320);
#1318 = CARTESIAN_POINT('',(6.999999602649,2.492441447235,
    -2.358581593001E-03));
#1319 = DIRECTION('',(-1.110223024625E-16,1.,0.));
#1320 = DIRECTION('',(0.,0.,-1.));
#1321 = DEFINITIONAL_REPRESENTATION('',(#1322),#1326);
#1322 = LINE('',#1323,#1324);
#1323 = CARTESIAN_POINT('',(1.571133267043,-7.111483010786));
#1324 = VECTOR('',#1325,1.);
#1325 = DIRECTION('',(-6.344131569287E-17,1.));
#1326 = ( GEOMETRIC_REPRESENTATION_CONTEXT(2) 
PARAMETRIC_REPRESENTATION_CONTEXT() REPRESENTATION_CONTEXT('2D SPACE',''
  ) );
#1327 = ORIENTED_EDGE('',*,*,#1328,.F.);
#1328 = EDGE_CURVE('',#1329,#1297,#1331,.T.);
#1329 = VERTEX_POINT('',#1330);
#1330 = CARTESIAN_POINT('',(7.799999557238,6.200008427734,
    -2.628133785009E-03));
#1331 = SURFACE_CURVE('',#1332,(#1337,#1344),.PCURVE_S1.);
#1332 = CIRCLE('',#1333,0.8);
#1333 = AXIS2_PLACEMENT_3D('',#1334,#1335,#1336);
#1334 = CARTESIAN_POINT('',(6.999999602649,6.200008427734,
    -2.358581593001E-03));
#1335 = DIRECTION('',(9.98826580328E-16,1.,-1.110597040417E-15));
#1336 = DIRECTION('',(0.999999943236,-9.992007284646E-16,
    -3.369402408992E-04));
#1337 = PCURVE('',#1304,#1338);
#1338 = DEFINITIONAL_REPRESENTATION('',(#1339),#1343);
#1339 = LINE('',#1340,#1341);
#1340 = CARTESIAN_POINT('',(-1.570459386548,3.7075669805));
#1341 = VECTOR('',#1342,1.);
#1342 = DIRECTION('',(1.,0.));
#1343 = ( GEOMETRIC_REPRESENTATION_CONTEXT(2) 
PARAMETRIC_REPRESENTATION_CONTEXT() REPRESENTATION_CONTEXT('2D SPACE',''
  ) );
#1344 = PCURVE('',#1170,#1345);
#1345 = DEFINITIONAL_REPRESENTATION('',(#1346),#1350);
#1346 = CIRCLE('',#1347,0.8);
#1347 = AXIS2_PLACEMENT_2D('',#1348,#1349);
#1348 = CARTESIAN_POINT('',(-12.49342895584,-19.5042106461));
#1349 = DIRECTION('',(3.369402408992E-04,-0.999999943236));
#1350 = ( GEOMETRIC_REPRESENTATION_CONTEXT(2) 
PARAMETRIC_REPRESENTATION_CONTEXT() REPRESENTATION_CONTEXT('2D SPACE',''
  ) );
#1351 = ORIENTED_EDGE('',*,*,#1352,.F.);
#1352 = EDGE_CURVE('',#1353,#1329,#1355,.T.);
#1353 = VERTEX_POINT('',#1354);
#1354 = CARTESIAN_POINT('',(7.799999557238,2.700008427734,
    -2.628133785009E-03));
#1355 = SURFACE_CURVE('',#1356,(#1359,#1366),.PCURVE_S1.);
#1356 = B_SPLINE_CURVE_WITH_KNOTS('',1,(#1357,#1358),.UNSPECIFIED.,.F.,
  .F.,(2,2),(7.319049991286,10.819049991286),.PIECEWISE_BEZIER_KNOTS.);
#1357 = CARTESIAN_POINT('',(7.799999557238,2.700008427734,
    -2.628133785009E-03));
#1358 = CARTESIAN_POINT('',(7.799999557238,6.200008427734,
    -2.628133785009E-03));
#1359 = PCURVE('',#1304,#1360);
#1360 = DEFINITIONAL_REPRESENTATION('',(#1361),#1365);
#1361 = LINE('',#1362,#1363);
#1362 = CARTESIAN_POINT('',(-1.570459386549,-7.111483010786));
#1363 = VECTOR('',#1364,1.);
#1364 = DIRECTION('',(0.,1.));
#1365 = ( GEOMETRIC_REPRESENTATION_CONTEXT(2) 
PARAMETRIC_REPRESENTATION_CONTEXT() REPRESENTATION_CONTEXT('2D SPACE',''
  ) );
#1366 = PCURVE('',#1316,#1367);
#1367 = DEFINITIONAL_REPRESENTATION('',(#1368),#1372);
#1368 = LINE('',#1369,#1370);
#1369 = CARTESIAN_POINT('',(4.712725920631,-7.111483010786));
#1370 = VECTOR('',#1371,1.);
#1371 = DIRECTION('',(0.,1.));
#1372 = ( GEOMETRIC_REPRESENTATION_CONTEXT(2) 
PARAMETRIC_REPRESENTATION_CONTEXT() REPRESENTATION_CONTEXT('2D SPACE',''
  ) );
#1373 = ORIENTED_EDGE('',*,*,#1374,.T.);
#1374 = EDGE_CURVE('',#1353,#1295,#1375,.T.);
#1375 = SURFACE_CURVE('',#1376,(#1381,#1388),.PCURVE_S1.);
#1376 = CIRCLE('',#1377,0.8);
#1377 = AXIS2_PLACEMENT_3D('',#1378,#1379,#1380);
#1378 = CARTESIAN_POINT('',(6.999999602649,2.700008427734,
    -2.358581593001E-03));
#1379 = DIRECTION('',(-1.110223024625E-16,1.,0.));
#1380 = DIRECTION('',(0.999999943236,1.110222961604E-16,
    -3.369402407927E-04));
#1381 = PCURVE('',#1304,#1382);
#1382 = DEFINITIONAL_REPRESENTATION('',(#1383),#1387);
#1383 = LINE('',#1384,#1385);
#1384 = CARTESIAN_POINT('',(-1.570459386548,0.2075669805));
#1385 = VECTOR('',#1386,1.);
#1386 = DIRECTION('',(1.,0.));
#1387 = ( GEOMETRIC_REPRESENTATION_CONTEXT(2) 
PARAMETRIC_REPRESENTATION_CONTEXT() REPRESENTATION_CONTEXT('2D SPACE',''
  ) );
#1388 = PCURVE('',#725,#1389);
#1389 = DEFINITIONAL_REPRESENTATION('',(#1390),#1398);
#1390 = ( BOUNDED_CURVE() B_SPLINE_CURVE(2,(#1391,#1392,#1393,#1394,
#1395,#1396,#1397),.UNSPECIFIED.,.T.,.F.) B_SPLINE_CURVE_WITH_KNOTS((1,2
    ,2,2,2,1),(-2.094395102393,0.,2.094395102393,4.188790204786,
6.28318530718,8.377580409573),.UNSPECIFIED.) CURVE() 
GEOMETRIC_REPRESENTATION_ITEM() RATIONAL_B_SPLINE_CURVE((1.,0.5,1.,0.5,
1.,0.5,1.)) REPRESENTATION_ITEM('') );
#1391 = CARTESIAN_POINT('',(10.193934496761,-18.00343576869));
#1392 = CARTESIAN_POINT('',(8.808293929361,-18.0029688906));
#1393 = CARTESIAN_POINT('',(9.50151854135,-16.80320239776));
#1394 = CARTESIAN_POINT('',(10.194743153338,-15.60343590493));
#1395 = CARTESIAN_POINT('',(10.88715910875,-16.80366927586));
#1396 = CARTESIAN_POINT('',(11.579575064161,-18.00390264679));
#1397 = CARTESIAN_POINT('',(10.193934496761,-18.00343576869));
#1398 = ( GEOMETRIC_REPRESENTATION_CONTEXT(2) 
PARAMETRIC_REPRESENTATION_CONTEXT() REPRESENTATION_CONTEXT('2D SPACE',''
  ) );
#1399 = ADVANCED_FACE('',(#1400),#1413,.F.);
#1400 = FACE_BOUND('',#1401,.F.);
#1401 = EDGE_LOOP('',(#1402,#1436,#1460,#1482));
#1402 = ORIENTED_EDGE('',*,*,#1403,.T.);
#1403 = EDGE_CURVE('',#1404,#1406,#1408,.T.);
#1404 = VERTEX_POINT('',#1405);
#1405 = CARTESIAN_POINT('',(-0.802358536275,2.700008427734,
    -6.999730050457));
#1406 = VERTEX_POINT('',#1407);
#1407 = CARTESIAN_POINT('',(-0.802358536275,6.200008427734,
    -6.999730050457));
#1408 = SURFACE_CURVE('',#1409,(#1412,#1424),.PCURVE_S1.);
#1409 = B_SPLINE_CURVE_WITH_KNOTS('',1,(#1410,#1411),.UNSPECIFIED.,.F.,
  .F.,(2,2),(7.319049991286,10.819049991286),.PIECEWISE_BEZIER_KNOTS.);
#1410 = CARTESIAN_POINT('',(-0.802358536275,2.700008427734,
    -6.999730050457));
#1411 = CARTESIAN_POINT('',(-0.802358536275,6.200008427734,
    -6.999730050457));
#1412 = PCURVE('',#1413,#1418);
#1413 = CYLINDRICAL_SURFACE('',#1414,0.8);
#1414 = AXIS2_PLACEMENT_3D('',#1415,#1416,#1417);
#1415 = CARTESIAN_POINT('',(-2.358581686409E-03,2.492441447235,
    -6.999999602649));
#1416 = DIRECTION('',(-3.565012759582E-14,1.,-3.55151642493E-14));
#1417 = DIRECTION('',(-1.,-3.565012759582E-14,0.));
#1418 = DEFINITIONAL_REPRESENTATION('',(#1419),#1423);
#1419 = LINE('',#1420,#1421);
#1420 = CARTESIAN_POINT('',(6.283522247427,-7.111483010786));
#1421 = VECTOR('',#1422,1.);
#1422 = DIRECTION('',(4.569314296971E-14,1.));
#1423 = ( GEOMETRIC_REPRESENTATION_CONTEXT(2) 
PARAMETRIC_REPRESENTATION_CONTEXT() REPRESENTATION_CONTEXT('2D SPACE',''
  ) );
#1424 = PCURVE('',#1425,#1430);
#1425 = CYLINDRICAL_SURFACE('',#1426,0.8);
#1426 = AXIS2_PLACEMENT_3D('',#1427,#1428,#1429);
#1427 = CARTESIAN_POINT('',(-2.358581686409E-03,2.492441447235,
    -6.999999602649));
#1428 = DIRECTION('',(-3.562618655176E-14,1.,3.553910529337E-14));
#1429 = DIRECTION('',(-3.945633297127E-30,3.553910529337E-14,-1.));
#1430 = DEFINITIONAL_REPRESENTATION('',(#1431),#1435);
#1431 = LINE('',#1432,#1433);
#1432 = CARTESIAN_POINT('',(1.571133267043,-7.111483010786));
#1433 = VECTOR('',#1434,1.);
#1434 = DIRECTION('',(-4.567774729886E-14,1.));
#1435 = ( GEOMETRIC_REPRESENTATION_CONTEXT(2) 
PARAMETRIC_REPRESENTATION_CONTEXT() REPRESENTATION_CONTEXT('2D SPACE',''
  ) );
#1436 = ORIENTED_EDGE('',*,*,#1437,.F.);
#1437 = EDGE_CURVE('',#1438,#1406,#1440,.T.);
#1438 = VERTEX_POINT('',#1439);
#1439 = CARTESIAN_POINT('',(0.797641372902,6.200008427734,
    -7.000269154842));
#1440 = SURFACE_CURVE('',#1441,(#1446,#1453),.PCURVE_S1.);
#1441 = CIRCLE('',#1442,0.8);
#1442 = AXIS2_PLACEMENT_3D('',#1443,#1444,#1445);
#1443 = CARTESIAN_POINT('',(-2.358581686409E-03,6.200008427734,
    -6.999999602649));
#1444 = DIRECTION('',(9.98826580328E-16,1.,-1.110597040417E-15));
#1445 = DIRECTION('',(0.999999943236,-9.992007284646E-16,
    -3.369402409525E-04));
#1446 = PCURVE('',#1413,#1447);
#1447 = DEFINITIONAL_REPRESENTATION('',(#1448),#1452);
#1448 = LINE('',#1449,#1450);
#1449 = CARTESIAN_POINT('',(3.141929593837,3.7075669805));
#1450 = VECTOR('',#1451,1.);
#1451 = DIRECTION('',(1.,1.922468607462E-14));
#1452 = ( GEOMETRIC_REPRESENTATION_CONTEXT(2) 
PARAMETRIC_REPRESENTATION_CONTEXT() REPRESENTATION_CONTEXT('2D SPACE',''
  ) );
#1453 = PCURVE('',#1170,#1454);
#1454 = DEFINITIONAL_REPRESENTATION('',(#1455),#1459);
#1455 = CIRCLE('',#1456,0.8);
#1456 = AXIS2_PLACEMENT_2D('',#1457,#1458);
#1457 = CARTESIAN_POINT('',(-5.495787934785,-12.50185246177));
#1458 = DIRECTION('',(3.369402409525E-04,-0.999999943236));
#1459 = ( GEOMETRIC_REPRESENTATION_CONTEXT(2) 
PARAMETRIC_REPRESENTATION_CONTEXT() REPRESENTATION_CONTEXT('2D SPACE',''
  ) );
#1460 = ORIENTED_EDGE('',*,*,#1461,.F.);
#1461 = EDGE_CURVE('',#1462,#1438,#1464,.T.);
#1462 = VERTEX_POINT('',#1463);
#1463 = CARTESIAN_POINT('',(0.797641372902,2.700008427734,
    -7.000269154842));
#1464 = SURFACE_CURVE('',#1465,(#1468,#1475),.PCURVE_S1.);
#1465 = B_SPLINE_CURVE_WITH_KNOTS('',1,(#1466,#1467),.UNSPECIFIED.,.F.,
  .F.,(2,2),(7.319049991286,10.819049991286),.PIECEWISE_BEZIER_KNOTS.);
#1466 = CARTESIAN_POINT('',(0.797641372902,2.700008427734,
    -7.000269154842));
#1467 = CARTESIAN_POINT('',(0.797641372902,6.200008427734,
    -7.000269154842));
#1468 = PCURVE('',#1413,#1469);
#1469 = DEFINITIONAL_REPRESENTATION('',(#1470),#1474);
#1470 = LINE('',#1471,#1472);
#1471 = CARTESIAN_POINT('',(3.141929593837,-7.111483010786));
#1472 = VECTOR('',#1473,1.);
#1473 = DIRECTION('',(-4.567774729886E-14,1.));
#1474 = ( GEOMETRIC_REPRESENTATION_CONTEXT(2) 
PARAMETRIC_REPRESENTATION_CONTEXT() REPRESENTATION_CONTEXT('2D SPACE',''
  ) );
#1475 = PCURVE('',#1425,#1476);
#1476 = DEFINITIONAL_REPRESENTATION('',(#1477),#1481);
#1477 = LINE('',#1478,#1479);
#1478 = CARTESIAN_POINT('',(4.712725920632,-7.111483010786));
#1479 = VECTOR('',#1480,1.);
#1480 = DIRECTION('',(4.567774729886E-14,1.));
#1481 = ( GEOMETRIC_REPRESENTATION_CONTEXT(2) 
PARAMETRIC_REPRESENTATION_CONTEXT() REPRESENTATION_CONTEXT('2D SPACE',''
  ) );
#1482 = ORIENTED_EDGE('',*,*,#1483,.T.);
#1483 = EDGE_CURVE('',#1462,#1404,#1484,.T.);
#1484 = SURFACE_CURVE('',#1485,(#1490,#1497),.PCURVE_S1.);
#1485 = CIRCLE('',#1486,0.8);
#1486 = AXIS2_PLACEMENT_3D('',#1487,#1488,#1489);
#1487 = CARTESIAN_POINT('',(-2.358581686309E-03,2.700008427734,
    -6.999999602649));
#1488 = DIRECTION('',(-1.110223024625E-16,1.,0.));
#1489 = DIRECTION('',(0.999999943236,1.110222961604E-16,
    -3.369402407749E-04));
#1490 = PCURVE('',#1413,#1491);
#1491 = DEFINITIONAL_REPRESENTATION('',(#1492),#1496);
#1492 = LINE('',#1493,#1494);
#1493 = CARTESIAN_POINT('',(3.141929593837,0.2075669805));
#1494 = VECTOR('',#1495,1.);
#1495 = DIRECTION('',(1.,1.809382218788E-14));
#1496 = ( GEOMETRIC_REPRESENTATION_CONTEXT(2) 
PARAMETRIC_REPRESENTATION_CONTEXT() REPRESENTATION_CONTEXT('2D SPACE',''
  ) );
#1497 = PCURVE('',#725,#1498);
#1498 = DEFINITIONAL_REPRESENTATION('',(#1499),#1507);
#1499 = ( BOUNDED_CURVE() B_SPLINE_CURVE(2,(#1500,#1501,#1502,#1503,
#1504,#1505,#1506),.UNSPECIFIED.,.T.,.F.) B_SPLINE_CURVE_WITH_KNOTS((1,2
    ,2,2,2,1),(-2.094395102393,0.,2.094395102393,4.188790204786,
6.28318530718,8.377580409573),.UNSPECIFIED.) CURVE() 
GEOMETRIC_REPRESENTATION_ITEM() RATIONAL_B_SPLINE_CURVE((1.,0.5,1.,0.5,
1.,0.5,1.)) REPRESENTATION_ITEM('') );
#1500 = CARTESIAN_POINT('',(3.196293475704,-11.00107758436));
#1501 = CARTESIAN_POINT('',(1.810652908304,-11.00061070627));
#1502 = CARTESIAN_POINT('',(2.503877520293,-9.800844213434));
#1503 = CARTESIAN_POINT('',(3.197102132282,-8.601077720597));
#1504 = CARTESIAN_POINT('',(3.889518087693,-9.801311091527));
#1505 = CARTESIAN_POINT('',(4.581934043104,-11.00154446245));
#1506 = CARTESIAN_POINT('',(3.196293475704,-11.00107758436));
#1507 = ( GEOMETRIC_REPRESENTATION_CONTEXT(2) 
PARAMETRIC_REPRESENTATION_CONTEXT() REPRESENTATION_CONTEXT('2D SPACE',''
  ) );
#1508 = ADVANCED_FACE('',(#1509),#1522,.F.);
#1509 = FACE_BOUND('',#1510,.F.);
#1510 = EDGE_LOOP('',(#1511,#1545,#1569,#1591));
#1511 = ORIENTED_EDGE('',*,*,#1512,.T.);
#1512 = EDGE_CURVE('',#1513,#1515,#1517,.T.);
#1513 = VERTEX_POINT('',#1514);
#1514 = CARTESIAN_POINT('',(-7.799999557238,2.700008427734,
    2.628133879E-03));
#1515 = VERTEX_POINT('',#1516);
#1516 = CARTESIAN_POINT('',(-7.799999557238,6.200008427734,
    2.628133879E-03));
#1517 = SURFACE_CURVE('',#1518,(#1521,#1533),.PCURVE_S1.);
#1518 = B_SPLINE_CURVE_WITH_KNOTS('',1,(#1519,#1520),.UNSPECIFIED.,.F.,
  .F.,(2,2),(7.319049991286,10.819049991286),.PIECEWISE_BEZIER_KNOTS.);
#1519 = CARTESIAN_POINT('',(-7.799999557238,2.700008427734,
    2.628133879E-03));
#1520 = CARTESIAN_POINT('',(-7.799999557238,6.200008427734,
    2.628133879E-03));
#1521 = PCURVE('',#1522,#1527);
#1522 = CYLINDRICAL_SURFACE('',#1523,0.8);
#1523 = AXIS2_PLACEMENT_3D('',#1524,#1525,#1526);
#1524 = CARTESIAN_POINT('',(-6.999999602649,2.492441447235,
    2.358581685996E-03));
#1525 = DIRECTION('',(-1.110223024625E-16,1.,0.));
#1526 = DIRECTION('',(0.,0.,-1.));
#1527 = DEFINITIONAL_REPRESENTATION('',(#1528),#1532);
#1528 = LINE('',#1529,#1530);
#1529 = CARTESIAN_POINT('',(1.571133267043,-7.111483010786));
#1530 = VECTOR('',#1531,1.);
#1531 = DIRECTION('',(0.,1.));
#1532 = ( GEOMETRIC_REPRESENTATION_CONTEXT(2) 
PARAMETRIC_REPRESENTATION_CONTEXT() REPRESENTATION_CONTEXT('2D SPACE',''
  ) );
#1533 = PCURVE('',#1534,#1539);
#1534 = CYLINDRICAL_SURFACE('',#1535,0.8);
#1535 = AXIS2_PLACEMENT_3D('',#1536,#1537,#1538);
#1536 = CARTESIAN_POINT('',(-6.999999602649,2.492441447235,
    2.358581685996E-03));
#1537 = DIRECTION('',(-1.110223024625E-16,1.,0.));
#1538 = DIRECTION('',(0.,0.,-1.));
#1539 = DEFINITIONAL_REPRESENTATION('',(#1540),#1544);
#1540 = LINE('',#1541,#1542);
#1541 = CARTESIAN_POINT('',(1.571133267043,-7.111483010786));
#1542 = VECTOR('',#1543,1.);
#1543 = DIRECTION('',(0.,1.));
#1544 = ( GEOMETRIC_REPRESENTATION_CONTEXT(2) 
PARAMETRIC_REPRESENTATION_CONTEXT() REPRESENTATION_CONTEXT('2D SPACE',''
  ) );
#1545 = ORIENTED_EDGE('',*,*,#1546,.F.);
#1546 = EDGE_CURVE('',#1547,#1515,#1549,.T.);
#1547 = VERTEX_POINT('',#1548);
#1548 = CARTESIAN_POINT('',(-6.199999648061,6.200008427734,
    2.089029494002E-03));
#1549 = SURFACE_CURVE('',#1550,(#1555,#1562),.PCURVE_S1.);
#1550 = CIRCLE('',#1551,0.8);
#1551 = AXIS2_PLACEMENT_3D('',#1552,#1553,#1554);
#1552 = CARTESIAN_POINT('',(-6.99999960265,6.200008427734,
    2.358581686991E-03));
#1553 = DIRECTION('',(9.98826580328E-16,1.,-1.110597040417E-15));
#1554 = DIRECTION('',(0.999999943236,-9.992007284648E-16,
    -3.369402410769E-04));
#1555 = PCURVE('',#1522,#1556);
#1556 = DEFINITIONAL_REPRESENTATION('',(#1557),#1561);
#1557 = LINE('',#1558,#1559);
#1558 = CARTESIAN_POINT('',(-1.570459386549,3.7075669805));
#1559 = VECTOR('',#1560,1.);
#1560 = DIRECTION('',(1.,5.65431943371E-16));
#1561 = ( GEOMETRIC_REPRESENTATION_CONTEXT(2) 
PARAMETRIC_REPRESENTATION_CONTEXT() REPRESENTATION_CONTEXT('2D SPACE',''
  ) );
#1562 = PCURVE('',#1170,#1563);
#1563 = DEFINITIONAL_REPRESENTATION('',(#1564),#1568);
#1564 = CIRCLE('',#1565,0.8);
#1565 = AXIS2_PLACEMENT_2D('',#1566,#1567);
#1566 = CARTESIAN_POINT('',(-12.49814611912,-5.504211440807));
#1567 = DIRECTION('',(3.369402410769E-04,-0.999999943236));
#1568 = ( GEOMETRIC_REPRESENTATION_CONTEXT(2) 
PARAMETRIC_REPRESENTATION_CONTEXT() REPRESENTATION_CONTEXT('2D SPACE',''
  ) );
#1569 = ORIENTED_EDGE('',*,*,#1570,.F.);
#1570 = EDGE_CURVE('',#1571,#1547,#1573,.T.);
#1571 = VERTEX_POINT('',#1572);
#1572 = CARTESIAN_POINT('',(-6.199999648061,2.700008427734,
    2.089029494002E-03));
#1573 = SURFACE_CURVE('',#1574,(#1577,#1584),.PCURVE_S1.);
#1574 = B_SPLINE_CURVE_WITH_KNOTS('',1,(#1575,#1576),.UNSPECIFIED.,.F.,
  .F.,(2,2),(7.319049991286,10.819049991286),.PIECEWISE_BEZIER_KNOTS.);
#1575 = CARTESIAN_POINT('',(-6.199999648061,2.700008427734,
    2.089029494002E-03));
#1576 = CARTESIAN_POINT('',(-6.199999648061,6.200008427734,
    2.089029494002E-03));
#1577 = PCURVE('',#1522,#1578);
#1578 = DEFINITIONAL_REPRESENTATION('',(#1579),#1583);
#1579 = LINE('',#1580,#1581);
#1580 = CARTESIAN_POINT('',(-1.570459386549,-7.111483010786));
#1581 = VECTOR('',#1582,1.);
#1582 = DIRECTION('',(0.,1.));
#1583 = ( GEOMETRIC_REPRESENTATION_CONTEXT(2) 
PARAMETRIC_REPRESENTATION_CONTEXT() REPRESENTATION_CONTEXT('2D SPACE',''
  ) );
#1584 = PCURVE('',#1534,#1585);
#1585 = DEFINITIONAL_REPRESENTATION('',(#1586),#1590);
#1586 = LINE('',#1587,#1588);
#1587 = CARTESIAN_POINT('',(4.712725920631,-7.111483010786));
#1588 = VECTOR('',#1589,1.);
#1589 = DIRECTION('',(0.,1.));
#1590 = ( GEOMETRIC_REPRESENTATION_CONTEXT(2) 
PARAMETRIC_REPRESENTATION_CONTEXT() REPRESENTATION_CONTEXT('2D SPACE',''
  ) );
#1591 = ORIENTED_EDGE('',*,*,#1592,.T.);
#1592 = EDGE_CURVE('',#1571,#1513,#1593,.T.);
#1593 = SURFACE_CURVE('',#1594,(#1599,#1606),.PCURVE_S1.);
#1594 = CIRCLE('',#1595,0.8);
#1595 = AXIS2_PLACEMENT_3D('',#1596,#1597,#1598);
#1596 = CARTESIAN_POINT('',(-6.999999602649,2.700008427734,
    2.358581685996E-03));
#1597 = DIRECTION('',(-1.110223024625E-16,1.,0.));
#1598 = DIRECTION('',(0.999999943236,1.110222961604E-16,
    -3.369402409348E-04));
#1599 = PCURVE('',#1522,#1600);
#1600 = DEFINITIONAL_REPRESENTATION('',(#1601),#1605);
#1601 = LINE('',#1602,#1603);
#1602 = CARTESIAN_POINT('',(-1.570459386548,0.2075669805));
#1603 = VECTOR('',#1604,1.);
#1604 = DIRECTION('',(1.,0.));
#1605 = ( GEOMETRIC_REPRESENTATION_CONTEXT(2) 
PARAMETRIC_REPRESENTATION_CONTEXT() REPRESENTATION_CONTEXT('2D SPACE',''
  ) );
#1606 = PCURVE('',#725,#1607);
#1607 = DEFINITIONAL_REPRESENTATION('',(#1608),#1616);
#1608 = ( BOUNDED_CURVE() B_SPLINE_CURVE(2,(#1609,#1610,#1611,#1612,
#1613,#1614,#1615),.UNSPECIFIED.,.T.,.F.) B_SPLINE_CURVE_WITH_KNOTS((1,2
    ,2,2,2,1),(-2.094395102393,0.,2.094395102393,4.188790204786,
6.28318530718,8.377580409573),.UNSPECIFIED.) CURVE() 
GEOMETRIC_REPRESENTATION_ITEM() RATIONAL_B_SPLINE_CURVE((1.,0.5,1.,0.5,
1.,0.5,1.)) REPRESENTATION_ITEM('') );
#1609 = CARTESIAN_POINT('',(10.198651660039,-4.0034365634));
#1610 = CARTESIAN_POINT('',(8.813011092639,-4.002969685307));
#1611 = CARTESIAN_POINT('',(9.506235704629,-2.80320319247));
#1612 = CARTESIAN_POINT('',(10.199460316618,-1.603436699634));
#1613 = CARTESIAN_POINT('',(10.891876272029,-2.803670070564));
#1614 = CARTESIAN_POINT('',(11.58429222744,-4.003903441493));
#1615 = CARTESIAN_POINT('',(10.198651660039,-4.0034365634));
#1616 = ( GEOMETRIC_REPRESENTATION_CONTEXT(2) 
PARAMETRIC_REPRESENTATION_CONTEXT() REPRESENTATION_CONTEXT('2D SPACE',''
  ) );
#1617 = ADVANCED_FACE('',(#1618,#1622),#144,.T.);
#1618 = FACE_BOUND('',#1619,.T.);
#1619 = EDGE_LOOP('',(#1620,#1621));
#1620 = ORIENTED_EDGE('',*,*,#21,.T.);
#1621 = ORIENTED_EDGE('',*,*,#914,.T.);
#1622 = FACE_BOUND('',#1623,.T.);
#1623 = EDGE_LOOP('',(#1624,#1650));
#1624 = ORIENTED_EDGE('',*,*,#1625,.T.);
#1625 = EDGE_CURVE('',#1108,#1078,#1626,.T.);
#1626 = SURFACE_CURVE('',#1627,(#1632,#1643),.PCURVE_S1.);
#1627 = CIRCLE('',#1628,1.6);
#1628 = AXIS2_PLACEMENT_3D('',#1629,#1630,#1631);
#1629 = CARTESIAN_POINT('',(-1.139088832622E-13,2.700008427734,0.));
#1630 = DIRECTION('',(-1.110223024625E-16,1.,0.));
#1631 = DIRECTION('',(0.999999943236,1.110222961604E-16,
    -3.369402408992E-04));
#1632 = PCURVE('',#144,#1633);
#1633 = DEFINITIONAL_REPRESENTATION('',(#1634),#1642);
#1634 = ( BOUNDED_CURVE() B_SPLINE_CURVE(2,(#1635,#1636,#1637,#1638,
#1639,#1640,#1641),.UNSPECIFIED.,.T.,.F.) B_SPLINE_CURVE_WITH_KNOTS((1,2
    ,2,2,2,1),(-2.094395102393,0.,2.094395102393,4.188790204786,
6.28318530718,8.377580409573),.UNSPECIFIED.) CURVE() 
GEOMETRIC_REPRESENTATION_ITEM() RATIONAL_B_SPLINE_CURVE((1.,0.5,1.,0.5,
1.,0.5,1.)) REPRESENTATION_ITEM('') );
#1635 = CARTESIAN_POINT('',(12.495248433049,-14.10421095263));
#1636 = CARTESIAN_POINT('',(9.723967298248,-14.10327719644));
#1637 = CARTESIAN_POINT('',(11.110416522227,-11.70374421077));
#1638 = CARTESIAN_POINT('',(12.496865746205,-9.304211225102));
#1639 = CARTESIAN_POINT('',(13.881697657027,-11.70467796696));
#1640 = CARTESIAN_POINT('',(15.266529567849,-14.10514470882));
#1641 = CARTESIAN_POINT('',(12.495248433049,-14.10421095263));
#1642 = ( GEOMETRIC_REPRESENTATION_CONTEXT(2) 
PARAMETRIC_REPRESENTATION_CONTEXT() REPRESENTATION_CONTEXT('2D SPACE',''
  ) );
#1643 = PCURVE('',#1096,#1644);
#1644 = DEFINITIONAL_REPRESENTATION('',(#1645),#1649);
#1645 = LINE('',#1646,#1647);
#1646 = CARTESIAN_POINT('',(4.712052040137,-5.6531161858));
#1647 = VECTOR('',#1648,1.);
#1648 = DIRECTION('',(-1.,0.));
#1649 = ( GEOMETRIC_REPRESENTATION_CONTEXT(2) 
PARAMETRIC_REPRESENTATION_CONTEXT() REPRESENTATION_CONTEXT('2D SPACE',''
  ) );
#1650 = ORIENTED_EDGE('',*,*,#1107,.T.);
#1651 = ADVANCED_FACE('',(#1652,#1768,#1797,#1826,#1855,#1884),#725,.T.
  );
#1652 = FACE_BOUND('',#1653,.T.);
#1653 = EDGE_LOOP('',(#1654,#1713));
#1654 = ORIENTED_EDGE('',*,*,#1655,.T.);
#1655 = EDGE_CURVE('',#1656,#1658,#1660,.T.);
#1656 = VERTEX_POINT('',#1657);
#1657 = CARTESIAN_POINT('',(9.199999477768,2.700008427734,
    -3.099850216003E-03));
#1658 = VERTEX_POINT('',#1659);
#1659 = CARTESIAN_POINT('',(-9.199999477768,2.700008427734,
    3.099850215989E-03));
#1660 = SURFACE_CURVE('',#1661,(#1666,#1673),.PCURVE_S1.);
#1661 = CIRCLE('',#1662,9.2);
#1662 = AXIS2_PLACEMENT_3D('',#1663,#1664,#1665);
#1663 = CARTESIAN_POINT('',(-2.220455405915E-16,2.700008427734,0.));
#1664 = DIRECTION('',(7.061593110265E-15,-1.,-1.16083558381E-15));
#1665 = DIRECTION('',(0.999999943236,7.06198384164E-15,
    -3.369402408962E-04));
#1666 = PCURVE('',#725,#1667);
#1667 = DEFINITIONAL_REPRESENTATION('',(#1668),#1672);
#1668 = CIRCLE('',#1669,9.2);
#1669 = AXIS2_PLACEMENT_2D('',#1670,#1671);
#1670 = CARTESIAN_POINT('',(10.196562630546,-10.20343621146));
#1671 = DIRECTION('',(-3.369402408962E-04,-0.999999943236));
#1672 = ( GEOMETRIC_REPRESENTATION_CONTEXT(2) 
PARAMETRIC_REPRESENTATION_CONTEXT() REPRESENTATION_CONTEXT('2D SPACE',''
  ) );
#1673 = PCURVE('',#1674,#1685);
#1674 = ( BOUNDED_SURFACE() B_SPLINE_SURFACE(2,1,(
    (#1675,#1676)
    ,(#1677,#1678)
    ,(#1679,#1680)
    ,(#1681,#1682)
    ,(#1683,#1684
)),.UNSPECIFIED.,.F.,.F.,.F.) B_SPLINE_SURFACE_WITH_KNOTS((3,2,3),(2,2),
  (0.,14.450961099271,28.901922198541),(0.,0.429832128862),
.UNSPECIFIED.) GEOMETRIC_REPRESENTATION_ITEM() RATIONAL_B_SPLINE_SURFACE
((
    (1.,1.)
    ,(0.707106781187,0.707106781187)
    ,(1.,1.)
    ,(0.707106781187,0.707106781187)
,(1.,1.))) REPRESENTATION_ITEM('') SURFACE() );
#1675 = CARTESIAN_POINT('',(9.499999460739,3.000008427734,
    -3.20093228801E-03));
#1676 = CARTESIAN_POINT('',(9.199999477768,2.700008427734,
    -3.099850216003E-03));
#1677 = CARTESIAN_POINT('',(9.503200393027,3.000008427734,9.49679852845)
  );
#1678 = CARTESIAN_POINT('',(9.203099327984,2.700008427734,9.196899627552
    ));
#1679 = CARTESIAN_POINT('',(3.200932288493E-03,3.000008427734,
    9.499999460739));
#1680 = CARTESIAN_POINT('',(3.099850216188E-03,2.700008427734,
    9.199999477768));
#1681 = CARTESIAN_POINT('',(-9.49679852845,3.000008427734,9.503200393027
    ));
#1682 = CARTESIAN_POINT('',(-9.196899627552,2.700008427734,
    9.203099327984));
#1683 = CARTESIAN_POINT('',(-9.499999460739,3.000008427734,
    3.200932288991E-03));
#1684 = CARTESIAN_POINT('',(-9.199999477768,2.700008427734,
    3.099850215989E-03));
#1685 = DEFINITIONAL_REPRESENTATION('',(#1686),#1712);
#1686 = B_SPLINE_CURVE_WITH_KNOTS('',3,(#1687,#1688,#1689,#1690,#1691,
    #1692,#1693,#1694,#1695,#1696,#1697,#1698,#1699,#1700,#1701,#1702,
    #1703,#1704,#1705,#1706,#1707,#1708,#1709,#1710,#1711),
  .UNSPECIFIED.,.F.,.F.,(4,1,1,1,1,1,1,1,1,1,1,1,1,1,1,1,1,1,1,1,1,1,4),
  (0.,0.142799666072,0.285599332145,0.428398998217,0.571198664289,
    0.713998330361,0.856797996434,0.999597662506,1.142397328578,
    1.28519699465,1.427996660723,1.570796326795,1.713595992867,
    1.856395658939,1.999195325012,2.141994991084,2.284794657156,
    2.427594323228,2.570393989301,2.713193655373,2.855993321445,
    2.998792987518,3.14159265359),.QUASI_UNIFORM_KNOTS.);
#1687 = CARTESIAN_POINT('',(0.,0.429832128862));
#1688 = CARTESIAN_POINT('',(0.48614785696,0.429832128862));
#1689 = CARTESIAN_POINT('',(1.430637092261,0.429832128862));
#1690 = CARTESIAN_POINT('',(2.781200929967,0.429832128862));
#1691 = CARTESIAN_POINT('',(4.083774216077,0.429832128862));
#1692 = CARTESIAN_POINT('',(5.353281263587,0.429832128862));
#1693 = CARTESIAN_POINT('',(6.603534074587,0.429832128862));
#1694 = CARTESIAN_POINT('',(7.847412966807,0.429832128862));
#1695 = CARTESIAN_POINT('',(9.097750125063,0.429832128862));
#1696 = CARTESIAN_POINT('',(10.36691978355,0.429832128862));
#1697 = CARTESIAN_POINT('',(11.670758278496,0.429832128862));
#1698 = CARTESIAN_POINT('',(13.016598669884,0.429832128862));
#1699 = CARTESIAN_POINT('',(14.450961099271,0.429832128862));
#1700 = CARTESIAN_POINT('',(15.885323528658,0.429832128862));
#1701 = CARTESIAN_POINT('',(17.231163920046,0.429832128862));
#1702 = CARTESIAN_POINT('',(18.535002414991,0.429832128862));
#1703 = CARTESIAN_POINT('',(19.804172073478,0.429832128862));
#1704 = CARTESIAN_POINT('',(21.054509231734,0.429832128862));
#1705 = CARTESIAN_POINT('',(22.298388123954,0.429832128862));
#1706 = CARTESIAN_POINT('',(23.548640934954,0.429832128862));
#1707 = CARTESIAN_POINT('',(24.818147982464,0.429832128862));
#1708 = CARTESIAN_POINT('',(26.120721268574,0.429832128862));
#1709 = CARTESIAN_POINT('',(27.47128510628,0.429832128862));
#1710 = CARTESIAN_POINT('',(28.415774341581,0.429832128862));
#1711 = CARTESIAN_POINT('',(28.901922198541,0.429832128862));
#1712 = ( GEOMETRIC_REPRESENTATION_CONTEXT(2) 
PARAMETRIC_REPRESENTATION_CONTEXT() REPRESENTATION_CONTEXT('2D SPACE',''
  ) );
#1713 = ORIENTED_EDGE('',*,*,#1714,.T.);
#1714 = EDGE_CURVE('',#1658,#1656,#1715,.T.);
#1715 = SURFACE_CURVE('',#1716,(#1721,#1728),.PCURVE_S1.);
#1716 = CIRCLE('',#1717,9.2);
#1717 = AXIS2_PLACEMENT_3D('',#1718,#1719,#1720);
#1718 = CARTESIAN_POINT('',(-2.220455405915E-16,2.700008427734,0.));
#1719 = DIRECTION('',(7.061593110265E-15,-1.,-1.16083558381E-15));
#1720 = DIRECTION('',(-0.999999943236,-7.06198384164E-15,
    3.369402408884E-04));
#1721 = PCURVE('',#725,#1722);
#1722 = DEFINITIONAL_REPRESENTATION('',(#1723),#1727);
#1723 = CIRCLE('',#1724,9.2);
#1724 = AXIS2_PLACEMENT_2D('',#1725,#1726);
#1725 = CARTESIAN_POINT('',(10.196562630546,-10.20343621146));
#1726 = DIRECTION('',(3.369402408884E-04,0.999999943236));
#1727 = ( GEOMETRIC_REPRESENTATION_CONTEXT(2) 
PARAMETRIC_REPRESENTATION_CONTEXT() REPRESENTATION_CONTEXT('2D SPACE',''
  ) );
#1728 = PCURVE('',#1729,#1740);
#1729 = ( BOUNDED_SURFACE() B_SPLINE_SURFACE(2,1,(
    (#1730,#1731)
    ,(#1732,#1733)
    ,(#1734,#1735)
    ,(#1736,#1737)
    ,(#1738,#1739
)),.UNSPECIFIED.,.F.,.F.,.F.) B_SPLINE_SURFACE_WITH_KNOTS((3,2,3),(2,2),
  (28.901922198541,43.352883297812,57.803844397083),(0.,0.429832128862),
.PIECEWISE_BEZIER_KNOTS.) GEOMETRIC_REPRESENTATION_ITEM() 
RATIONAL_B_SPLINE_SURFACE((
    (1.,1.)
    ,(0.707106781187,0.707106781187)
    ,(1.,1.)
    ,(0.707106781187,0.707106781187)
,(1.,1.))) REPRESENTATION_ITEM('') SURFACE() );
#1730 = CARTESIAN_POINT('',(-9.499999460739,3.000008427734,
    3.200932288991E-03));
#1731 = CARTESIAN_POINT('',(-9.199999477768,2.700008427734,
    3.099850215989E-03));
#1732 = CARTESIAN_POINT('',(-9.503200393027,3.000008427734,
    -9.49679852845));
#1733 = CARTESIAN_POINT('',(-9.203099327984,2.700008427734,
    -9.196899627552));
#1734 = CARTESIAN_POINT('',(-3.200932288508E-03,3.000008427734,
    -9.499999460739));
#1735 = CARTESIAN_POINT('',(-3.099850216202E-03,2.700008427734,
    -9.199999477768));
#1736 = CARTESIAN_POINT('',(9.49679852845,3.000008427734,-9.503200393027
    ));
#1737 = CARTESIAN_POINT('',(9.196899627552,2.700008427734,
    -9.203099327984));
#1738 = CARTESIAN_POINT('',(9.499999460739,3.000008427734,
    -3.20093228801E-03));
#1739 = CARTESIAN_POINT('',(9.199999477768,2.700008427734,
    -3.099850216003E-03));
#1740 = DEFINITIONAL_REPRESENTATION('',(#1741),#1767);
#1741 = B_SPLINE_CURVE_WITH_KNOTS('',3,(#1742,#1743,#1744,#1745,#1746,
    #1747,#1748,#1749,#1750,#1751,#1752,#1753,#1754,#1755,#1756,#1757,
    #1758,#1759,#1760,#1761,#1762,#1763,#1764,#1765,#1766),
  .UNSPECIFIED.,.F.,.F.,(4,1,1,1,1,1,1,1,1,1,1,1,1,1,1,1,1,1,1,1,1,1,4),
  (0.,0.142799666072,0.285599332145,0.428398998217,0.571198664289,
    0.713998330361,0.856797996434,0.999597662506,1.142397328578,
    1.28519699465,1.427996660723,1.570796326795,1.713595992867,
    1.856395658939,1.999195325012,2.141994991084,2.284794657156,
    2.427594323228,2.570393989301,2.713193655373,2.855993321445,
    2.998792987518,3.14159265359),.QUASI_UNIFORM_KNOTS.);
#1742 = CARTESIAN_POINT('',(28.901922198541,0.429832128862));
#1743 = CARTESIAN_POINT('',(29.388070055501,0.429832128862));
#1744 = CARTESIAN_POINT('',(30.332559290803,0.429832128862));
#1745 = CARTESIAN_POINT('',(31.683123128508,0.429832128862));
#1746 = CARTESIAN_POINT('',(32.985696414619,0.429832128862));
#1747 = CARTESIAN_POINT('',(34.255203462129,0.429832128862));
#1748 = CARTESIAN_POINT('',(35.505456273129,0.429832128862));
#1749 = CARTESIAN_POINT('',(36.749335165349,0.429832128862));
#1750 = CARTESIAN_POINT('',(37.999672323605,0.429832128862));
#1751 = CARTESIAN_POINT('',(39.268841982092,0.429832128862));
#1752 = CARTESIAN_POINT('',(40.572680477038,0.429832128862));
#1753 = CARTESIAN_POINT('',(41.918520868426,0.429832128862));
#1754 = CARTESIAN_POINT('',(43.352883297812,0.429832128862));
#1755 = CARTESIAN_POINT('',(44.787245727199,0.429832128862));
#1756 = CARTESIAN_POINT('',(46.133086118587,0.429832128862));
#1757 = CARTESIAN_POINT('',(47.436924613532,0.429832128862));
#1758 = CARTESIAN_POINT('',(48.70609427202,0.429832128862));
#1759 = CARTESIAN_POINT('',(49.956431430276,0.429832128862));
#1760 = CARTESIAN_POINT('',(51.200310322496,0.429832128862));
#1761 = CARTESIAN_POINT('',(52.450563133496,0.429832128862));
#1762 = CARTESIAN_POINT('',(53.720070181006,0.429832128862));
#1763 = CARTESIAN_POINT('',(55.022643467116,0.429832128862));
#1764 = CARTESIAN_POINT('',(56.373207304821,0.429832128862));
#1765 = CARTESIAN_POINT('',(57.317696540123,0.429832128862));
#1766 = CARTESIAN_POINT('',(57.803844397083,0.429832128862));
#1767 = ( GEOMETRIC_REPRESENTATION_CONTEXT(2) 
PARAMETRIC_REPRESENTATION_CONTEXT() REPRESENTATION_CONTEXT('2D SPACE',''
  ) );
#1768 = FACE_BOUND('',#1769,.T.);
#1769 = EDGE_LOOP('',(#1770,#1771));
#1770 = ORIENTED_EDGE('',*,*,#1265,.T.);
#1771 = ORIENTED_EDGE('',*,*,#1772,.T.);
#1772 = EDGE_CURVE('',#1186,#1244,#1773,.T.);
#1773 = SURFACE_CURVE('',#1774,(#1779,#1790),.PCURVE_S1.);
#1774 = CIRCLE('',#1775,0.8);
#1775 = AXIS2_PLACEMENT_3D('',#1776,#1777,#1778);
#1776 = CARTESIAN_POINT('',(2.358581493197E-03,2.700008427734,
    6.99999960265));
#1777 = DIRECTION('',(-3.562618655176E-14,1.,3.553910529336E-14));
#1778 = DIRECTION('',(-0.999999943236,-3.563815908417E-14,
    3.369402410591E-04));
#1779 = PCURVE('',#725,#1780);
#1780 = DEFINITIONAL_REPRESENTATION('',(#1781),#1789);
#1781 = ( BOUNDED_CURVE() B_SPLINE_CURVE(2,(#1782,#1783,#1784,#1785,
#1786,#1787,#1788),.UNSPECIFIED.,.T.,.F.) B_SPLINE_CURVE_WITH_KNOTS((1,2
    ,2,2,2,1),(-2.094395102393,0.,2.094395102393,4.188790204786,
6.28318530718,8.377580409573),.UNSPECIFIED.) CURVE() 
GEOMETRIC_REPRESENTATION_ITEM() RATIONAL_B_SPLINE_CURVE((1.,0.5,1.,0.5,
1.,0.5,1.)) REPRESENTATION_ITEM('') );
#1782 = CARTESIAN_POINT('',(17.196831785389,-9.405794838365));
#1783 = CARTESIAN_POINT('',(18.582472352789,-9.406261716459));
#1784 = CARTESIAN_POINT('',(17.8892477408,-10.60602820929));
#1785 = CARTESIAN_POINT('',(17.196023128811,-11.80579470213));
#1786 = CARTESIAN_POINT('',(16.5036071734,-10.6055613312));
#1787 = CARTESIAN_POINT('',(15.811191217989,-9.405327960272));
#1788 = CARTESIAN_POINT('',(17.196831785389,-9.405794838365));
#1789 = ( GEOMETRIC_REPRESENTATION_CONTEXT(2) 
PARAMETRIC_REPRESENTATION_CONTEXT() REPRESENTATION_CONTEXT('2D SPACE',''
  ) );
#1790 = PCURVE('',#1207,#1791);
#1791 = DEFINITIONAL_REPRESENTATION('',(#1792),#1796);
#1792 = LINE('',#1793,#1794);
#1793 = CARTESIAN_POINT('',(1.571133267042,0.2075669805));
#1794 = VECTOR('',#1795,1.);
#1795 = DIRECTION('',(1.,0.));
#1796 = ( GEOMETRIC_REPRESENTATION_CONTEXT(2) 
PARAMETRIC_REPRESENTATION_CONTEXT() REPRESENTATION_CONTEXT('2D SPACE',''
  ) );
#1797 = FACE_BOUND('',#1798,.T.);
#1798 = EDGE_LOOP('',(#1799,#1800));
#1799 = ORIENTED_EDGE('',*,*,#1374,.T.);
#1800 = ORIENTED_EDGE('',*,*,#1801,.T.);
#1801 = EDGE_CURVE('',#1295,#1353,#1802,.T.);
#1802 = SURFACE_CURVE('',#1803,(#1808,#1819),.PCURVE_S1.);
#1803 = CIRCLE('',#1804,0.8);
#1804 = AXIS2_PLACEMENT_3D('',#1805,#1806,#1807);
#1805 = CARTESIAN_POINT('',(6.999999602649,2.700008427734,
    -2.358581593001E-03));
#1806 = DIRECTION('',(-1.110223024625E-16,1.,0.));
#1807 = DIRECTION('',(-0.999999943236,-1.110222961604E-16,
    3.369402409881E-04));
#1808 = PCURVE('',#725,#1809);
#1809 = DEFINITIONAL_REPRESENTATION('',(#1810),#1818);
#1810 = ( BOUNDED_CURVE() B_SPLINE_CURVE(2,(#1811,#1812,#1813,#1814,
#1815,#1816,#1817),.UNSPECIFIED.,.T.,.F.) B_SPLINE_CURVE_WITH_KNOTS((1,2
    ,2,2,2,1),(-2.094395102393,0.,2.094395102393,4.188790204786,
6.28318530718,8.377580409573),.UNSPECIFIED.) CURVE() 
GEOMETRIC_REPRESENTATION_ITEM() RATIONAL_B_SPLINE_CURVE((1.,0.5,1.,0.5,
1.,0.5,1.)) REPRESENTATION_ITEM('') );
#1811 = CARTESIAN_POINT('',(10.194473601146,-16.40343585952));
#1812 = CARTESIAN_POINT('',(11.580114168546,-16.40390273761));
#1813 = CARTESIAN_POINT('',(10.886889556557,-17.60366923045));
#1814 = CARTESIAN_POINT('',(10.193664944568,-18.80343572328));
#1815 = CARTESIAN_POINT('',(9.501248989157,-17.60320235235));
#1816 = CARTESIAN_POINT('',(8.808833033746,-16.40296898142));
#1817 = CARTESIAN_POINT('',(10.194473601146,-16.40343585952));
#1818 = ( GEOMETRIC_REPRESENTATION_CONTEXT(2) 
PARAMETRIC_REPRESENTATION_CONTEXT() REPRESENTATION_CONTEXT('2D SPACE',''
  ) );
#1819 = PCURVE('',#1316,#1820);
#1820 = DEFINITIONAL_REPRESENTATION('',(#1821),#1825);
#1821 = LINE('',#1822,#1823);
#1822 = CARTESIAN_POINT('',(1.571133267042,0.2075669805));
#1823 = VECTOR('',#1824,1.);
#1824 = DIRECTION('',(1.,0.));
#1825 = ( GEOMETRIC_REPRESENTATION_CONTEXT(2) 
PARAMETRIC_REPRESENTATION_CONTEXT() REPRESENTATION_CONTEXT('2D SPACE',''
  ) );
#1826 = FACE_BOUND('',#1827,.T.);
#1827 = EDGE_LOOP('',(#1828,#1829));
#1828 = ORIENTED_EDGE('',*,*,#1483,.T.);
#1829 = ORIENTED_EDGE('',*,*,#1830,.T.);
#1830 = EDGE_CURVE('',#1404,#1462,#1831,.T.);
#1831 = SURFACE_CURVE('',#1832,(#1837,#1848),.PCURVE_S1.);
#1832 = CIRCLE('',#1833,0.8);
#1833 = AXIS2_PLACEMENT_3D('',#1834,#1835,#1836);
#1834 = CARTESIAN_POINT('',(-2.358581686309E-03,2.700008427734,
    -6.999999602649));
#1835 = DIRECTION('',(-1.110223024625E-16,1.,0.));
#1836 = DIRECTION('',(-0.999999943236,-1.110222961604E-16,
    3.369402410947E-04));
#1837 = PCURVE('',#725,#1838);
#1838 = DEFINITIONAL_REPRESENTATION('',(#1839),#1847);
#1839 = ( BOUNDED_CURVE() B_SPLINE_CURVE(2,(#1840,#1841,#1842,#1843,
#1844,#1845,#1846),.UNSPECIFIED.,.T.,.F.) B_SPLINE_CURVE_WITH_KNOTS((1,2
    ,2,2,2,1),(-2.094395102393,0.,2.094395102393,4.188790204786,
6.28318530718,8.377580409573),.UNSPECIFIED.) CURVE() 
GEOMETRIC_REPRESENTATION_ITEM() RATIONAL_B_SPLINE_CURVE((1.,0.5,1.,0.5,
1.,0.5,1.)) REPRESENTATION_ITEM('') );
#1840 = CARTESIAN_POINT('',(3.19683258009,-9.401077675186));
#1841 = CARTESIAN_POINT('',(4.58247314749,-9.401544553279));
#1842 = CARTESIAN_POINT('',(3.8892485355,-10.60131104611));
#1843 = CARTESIAN_POINT('',(3.196023923511,-11.80107753895));
#1844 = CARTESIAN_POINT('',(2.5036079681,-10.60084416802));
#1845 = CARTESIAN_POINT('',(1.81119201269,-9.400610797092));
#1846 = CARTESIAN_POINT('',(3.19683258009,-9.401077675186));
#1847 = ( GEOMETRIC_REPRESENTATION_CONTEXT(2) 
PARAMETRIC_REPRESENTATION_CONTEXT() REPRESENTATION_CONTEXT('2D SPACE',''
  ) );
#1848 = PCURVE('',#1425,#1849);
#1849 = DEFINITIONAL_REPRESENTATION('',(#1850),#1854);
#1850 = LINE('',#1851,#1852);
#1851 = CARTESIAN_POINT('',(1.571133267042,0.2075669805));
#1852 = VECTOR('',#1853,1.);
#1853 = DIRECTION('',(1.,-1.809382218788E-14));
#1854 = ( GEOMETRIC_REPRESENTATION_CONTEXT(2) 
PARAMETRIC_REPRESENTATION_CONTEXT() REPRESENTATION_CONTEXT('2D SPACE',''
  ) );
#1855 = FACE_BOUND('',#1856,.T.);
#1856 = EDGE_LOOP('',(#1857,#1858));
#1857 = ORIENTED_EDGE('',*,*,#1592,.T.);
#1858 = ORIENTED_EDGE('',*,*,#1859,.T.);
#1859 = EDGE_CURVE('',#1513,#1571,#1860,.T.);
#1860 = SURFACE_CURVE('',#1861,(#1866,#1877),.PCURVE_S1.);
#1861 = CIRCLE('',#1862,0.8);
#1862 = AXIS2_PLACEMENT_3D('',#1863,#1864,#1865);
#1863 = CARTESIAN_POINT('',(-6.999999602649,2.700008427734,
    2.358581685996E-03));
#1864 = DIRECTION('',(-1.110223024625E-16,1.,0.));
#1865 = DIRECTION('',(-0.999999943236,-1.110222961604E-16,
    3.369402410769E-04));
#1866 = PCURVE('',#725,#1867);
#1867 = DEFINITIONAL_REPRESENTATION('',(#1868),#1876);
#1868 = ( BOUNDED_CURVE() B_SPLINE_CURVE(2,(#1869,#1870,#1871,#1872,
#1873,#1874,#1875),.UNSPECIFIED.,.T.,.F.) B_SPLINE_CURVE_WITH_KNOTS((1,2
    ,2,2,2,1),(-2.094395102393,0.,2.094395102393,4.188790204786,
6.28318530718,8.377580409573),.UNSPECIFIED.) CURVE() 
GEOMETRIC_REPRESENTATION_ITEM() RATIONAL_B_SPLINE_CURVE((1.,0.5,1.,0.5,
1.,0.5,1.)) REPRESENTATION_ITEM('') );
#1869 = CARTESIAN_POINT('',(10.199190764425,-2.403436654223));
#1870 = CARTESIAN_POINT('',(11.584831331825,-2.403903532316));
#1871 = CARTESIAN_POINT('',(10.891606719836,-3.603670025152));
#1872 = CARTESIAN_POINT('',(10.198382107846,-4.803436517988));
#1873 = CARTESIAN_POINT('',(9.505966152436,-3.603203147059));
#1874 = CARTESIAN_POINT('',(8.813550197025,-2.402969776129));
#1875 = CARTESIAN_POINT('',(10.199190764425,-2.403436654223));
#1876 = ( GEOMETRIC_REPRESENTATION_CONTEXT(2) 
PARAMETRIC_REPRESENTATION_CONTEXT() REPRESENTATION_CONTEXT('2D SPACE',''
  ) );
#1877 = PCURVE('',#1534,#1878);
#1878 = DEFINITIONAL_REPRESENTATION('',(#1879),#1883);
#1879 = LINE('',#1880,#1881);
#1880 = CARTESIAN_POINT('',(1.571133267042,0.2075669805));
#1881 = VECTOR('',#1882,1.);
#1882 = DIRECTION('',(1.,0.));
#1883 = ( GEOMETRIC_REPRESENTATION_CONTEXT(2) 
PARAMETRIC_REPRESENTATION_CONTEXT() REPRESENTATION_CONTEXT('2D SPACE',''
  ) );
#1884 = FACE_BOUND('',#1885,.T.);
#1885 = EDGE_LOOP('',(#1886,#1887));
#1886 = ORIENTED_EDGE('',*,*,#786,.F.);
#1887 = ORIENTED_EDGE('',*,*,#706,.F.);
#1888 = ADVANCED_FACE('',(#1889),#1902,.T.);
#1889 = FACE_BOUND('',#1890,.T.);
#1890 = EDGE_LOOP('',(#1891,#1925,#1982,#2004));
#1891 = ORIENTED_EDGE('',*,*,#1892,.T.);
#1892 = EDGE_CURVE('',#1893,#1895,#1897,.T.);
#1893 = VERTEX_POINT('',#1894);
#1894 = CARTESIAN_POINT('',(-9.499999460739,3.000008427734,
    3.200932288991E-03));
#1895 = VERTEX_POINT('',#1896);
#1896 = CARTESIAN_POINT('',(-9.499999460739,5.900008427734,
    3.200932288991E-03));
#1897 = SURFACE_CURVE('',#1898,(#1901,#1913),.PCURVE_S1.);
#1898 = B_SPLINE_CURVE_WITH_KNOTS('',1,(#1899,#1900),.UNSPECIFIED.,.F.,
  .F.,(2,2),(7.812155211523,10.712155211523),.PIECEWISE_BEZIER_KNOTS.);
#1899 = CARTESIAN_POINT('',(-9.499999460739,3.000008427734,
    3.200932288991E-03));
#1900 = CARTESIAN_POINT('',(-9.499999460739,5.900008427734,
    3.200932288991E-03));
#1901 = PCURVE('',#1902,#1907);
#1902 = CYLINDRICAL_SURFACE('',#1903,9.5);
#1903 = AXIS2_PLACEMENT_3D('',#1904,#1905,#1906);
#1904 = CARTESIAN_POINT('',(-4.813700337339E-16,5.035795809102,0.));
#1905 = DIRECTION('',(-8.338610786813E-15,1.,-7.451675585059E-16));
#1906 = DIRECTION('',(-1.,-8.338610786813E-15,0.));
#1907 = DEFINITIONAL_REPRESENTATION('',(#1908),#1912);
#1908 = LINE('',#1909,#1910);
#1909 = CARTESIAN_POINT('',(6.283522247427,-9.847942592891));
#1910 = VECTOR('',#1911,1.);
#1911 = DIRECTION('',(5.161736998076E-16,1.));
#1912 = ( GEOMETRIC_REPRESENTATION_CONTEXT(2) 
PARAMETRIC_REPRESENTATION_CONTEXT() REPRESENTATION_CONTEXT('2D SPACE',''
  ) );
#1913 = PCURVE('',#1914,#1919);
#1914 = CYLINDRICAL_SURFACE('',#1915,9.5);
#1915 = AXIS2_PLACEMENT_3D('',#1916,#1917,#1918);
#1916 = CARTESIAN_POINT('',(-4.813700337339E-16,5.035795809102,0.));
#1917 = DIRECTION('',(-8.338106764833E-15,1.,7.507118002871E-16));
#1918 = DIRECTION('',(-1.,-8.338106764833E-15,0.));
#1919 = DEFINITIONAL_REPRESENTATION('',(#1920),#1924);
#1920 = LINE('',#1921,#1922);
#1921 = CARTESIAN_POINT('',(3.369402473258E-04,-9.847942592891));
#1922 = VECTOR('',#1923,1.);
#1923 = DIRECTION('',(-5.154633604532E-16,1.));
#1924 = ( GEOMETRIC_REPRESENTATION_CONTEXT(2) 
PARAMETRIC_REPRESENTATION_CONTEXT() REPRESENTATION_CONTEXT('2D SPACE',''
  ) );
#1925 = ORIENTED_EDGE('',*,*,#1926,.T.);
#1926 = EDGE_CURVE('',#1895,#1927,#1929,.T.);
#1927 = VERTEX_POINT('',#1928);
#1928 = CARTESIAN_POINT('',(9.499999460738,5.900008427734,
    -3.20093228801E-03));
#1929 = SURFACE_CURVE('',#1930,(#1935,#1942),.PCURVE_S1.);
#1930 = CIRCLE('',#1931,9.5);
#1931 = AXIS2_PLACEMENT_3D('',#1932,#1933,#1934);
#1932 = CARTESIAN_POINT('',(-1.142641546301E-13,5.900008427734,0.));
#1933 = DIRECTION('',(7.029149323142E-15,-1.,-9.372557009035E-16));
#1934 = DIRECTION('',(-0.999999943236,-7.029464723298E-15,
    3.36940240888E-04));
#1935 = PCURVE('',#1902,#1936);
#1936 = DEFINITIONAL_REPRESENTATION('',(#1937),#1941);
#1937 = LINE('',#1938,#1939);
#1938 = CARTESIAN_POINT('',(6.283522247427,0.864212618632));
#1939 = VECTOR('',#1940,1.);
#1940 = DIRECTION('',(-1.,-7.916047207198E-15));
#1941 = ( GEOMETRIC_REPRESENTATION_CONTEXT(2) 
PARAMETRIC_REPRESENTATION_CONTEXT() REPRESENTATION_CONTEXT('2D SPACE',''
  ) );
#1942 = PCURVE('',#1943,#1954);
#1943 = ( BOUNDED_SURFACE() B_SPLINE_SURFACE(1,2,(
    (#1944,#1945,#1946,#1947,#1948)
    ,(#1949,#1950,#1951,#1952,#1953
)),.UNSPECIFIED.,.F.,.F.,.F.) B_SPLINE_SURFACE_WITH_KNOTS((2,2),(3,2,3),
  (0.,0.429832128862),(28.901922198541,43.352883297812,57.803844397083),
.UNSPECIFIED.) GEOMETRIC_REPRESENTATION_ITEM() RATIONAL_B_SPLINE_SURFACE
((
    (1.,0.707106781187,1.,0.707106781187,1.)
,(1.,0.707106781187,1.,0.707106781187,1.
))) REPRESENTATION_ITEM('') SURFACE() );
#1944 = CARTESIAN_POINT('',(-9.499999460739,5.900008427732,
    3.200932288991E-03));
#1945 = CARTESIAN_POINT('',(-9.503200393027,5.900008427733,
    -9.49679852845));
#1946 = CARTESIAN_POINT('',(-3.200932288707E-03,5.900008427734,
    -9.499999460738));
#1947 = CARTESIAN_POINT('',(9.49679852845,5.900008427736,-9.503200393027
    ));
#1948 = CARTESIAN_POINT('',(9.499999460738,5.900008427734,
    -3.20093228801E-03));
#1949 = CARTESIAN_POINT('',(-9.199999477768,6.200008427732,
    3.099850216998E-03));
#1950 = CARTESIAN_POINT('',(-9.203099327985,6.200008427733,
    -9.196899627552));
#1951 = CARTESIAN_POINT('',(-3.099850216601E-03,6.200008427735,
    -9.199999477768));
#1952 = CARTESIAN_POINT('',(9.196899627552,6.200008427736,
    -9.203099327984));
#1953 = CARTESIAN_POINT('',(9.199999477768,6.200008427734,
    -3.099850216003E-03));
#1954 = DEFINITIONAL_REPRESENTATION('',(#1955),#1981);
#1955 = B_SPLINE_CURVE_WITH_KNOTS('',3,(#1956,#1957,#1958,#1959,#1960,
    #1961,#1962,#1963,#1964,#1965,#1966,#1967,#1968,#1969,#1970,#1971,
    #1972,#1973,#1974,#1975,#1976,#1977,#1978,#1979,#1980),
  .UNSPECIFIED.,.F.,.F.,(4,1,1,1,1,1,1,1,1,1,1,1,1,1,1,1,1,1,1,1,1,1,4),
  (0.,0.142799666072,0.285599332145,0.428398998217,0.571198664289,
    0.713998330361,0.856797996434,0.999597662506,1.142397328578,
    1.28519699465,1.427996660723,1.570796326795,1.713595992867,
    1.856395658939,1.999195325012,2.141994991084,2.284794657156,
    2.427594323228,2.570393989301,2.713193655373,2.855993321445,
    2.998792987518,3.14159265359),.QUASI_UNIFORM_KNOTS.);
#1956 = CARTESIAN_POINT('',(0.,28.901922198541));
#1957 = CARTESIAN_POINT('',(0.,29.388070055502));
#1958 = CARTESIAN_POINT('',(0.,30.332559290804));
#1959 = CARTESIAN_POINT('',(0.,31.683123128509));
#1960 = CARTESIAN_POINT('',(0.,32.985696414619));
#1961 = CARTESIAN_POINT('',(0.,34.255203462129));
#1962 = CARTESIAN_POINT('',(0.,35.505456273129));
#1963 = CARTESIAN_POINT('',(0.,36.749335165349));
#1964 = CARTESIAN_POINT('',(0.,37.999672323605));
#1965 = CARTESIAN_POINT('',(0.,39.268841982092));
#1966 = CARTESIAN_POINT('',(0.,40.572680477038));
#1967 = CARTESIAN_POINT('',(0.,41.918520868426));
#1968 = CARTESIAN_POINT('',(0.,43.352883297812));
#1969 = CARTESIAN_POINT('',(0.,44.787245727199));
#1970 = CARTESIAN_POINT('',(0.,46.133086118587));
#1971 = CARTESIAN_POINT('',(0.,47.436924613532));
#1972 = CARTESIAN_POINT('',(0.,48.70609427202));
#1973 = CARTESIAN_POINT('',(0.,49.956431430276));
#1974 = CARTESIAN_POINT('',(0.,51.200310322495));
#1975 = CARTESIAN_POINT('',(0.,52.450563133495));
#1976 = CARTESIAN_POINT('',(0.,53.720070181005));
#1977 = CARTESIAN_POINT('',(0.,55.022643467116));
#1978 = CARTESIAN_POINT('',(0.,56.373207304821));
#1979 = CARTESIAN_POINT('',(-0.,57.317696540123));
#1980 = CARTESIAN_POINT('',(0.,57.803844397083));
#1981 = ( GEOMETRIC_REPRESENTATION_CONTEXT(2) 
PARAMETRIC_REPRESENTATION_CONTEXT() REPRESENTATION_CONTEXT('2D SPACE',''
  ) );
#1982 = ORIENTED_EDGE('',*,*,#1983,.F.);
#1983 = EDGE_CURVE('',#1984,#1927,#1986,.T.);
#1984 = VERTEX_POINT('',#1985);
#1985 = CARTESIAN_POINT('',(9.499999460738,3.000008427734,
    -3.20093228801E-03));
#1986 = SURFACE_CURVE('',#1987,(#1990,#1997),.PCURVE_S1.);
#1987 = B_SPLINE_CURVE_WITH_KNOTS('',1,(#1988,#1989),.UNSPECIFIED.,.F.,
  .F.,(2,2),(7.812155211523,10.712155211523),.PIECEWISE_BEZIER_KNOTS.);
#1988 = CARTESIAN_POINT('',(9.499999460738,3.000008427734,
    -3.20093228801E-03));
#1989 = CARTESIAN_POINT('',(9.499999460738,5.900008427734,
    -3.20093228801E-03));
#1990 = PCURVE('',#1902,#1991);
#1991 = DEFINITIONAL_REPRESENTATION('',(#1992),#1996);
#1992 = LINE('',#1993,#1994);
#1993 = CARTESIAN_POINT('',(3.141929593837,-9.847942592891));
#1994 = VECTOR('',#1995,1.);
#1995 = DIRECTION('',(-6.125368411725E-16,1.));
#1996 = ( GEOMETRIC_REPRESENTATION_CONTEXT(2) 
PARAMETRIC_REPRESENTATION_CONTEXT() REPRESENTATION_CONTEXT('2D SPACE',''
  ) );
#1997 = PCURVE('',#1914,#1998);
#1998 = DEFINITIONAL_REPRESENTATION('',(#1999),#2003);
#1999 = LINE('',#2000,#2001);
#2000 = CARTESIAN_POINT('',(3.141929593837,-9.847942592891));
#2001 = VECTOR('',#2002,1.);
#2002 = DIRECTION('',(4.594026308794E-16,1.));
#2003 = ( GEOMETRIC_REPRESENTATION_CONTEXT(2) 
PARAMETRIC_REPRESENTATION_CONTEXT() REPRESENTATION_CONTEXT('2D SPACE',''
  ) );
#2004 = ORIENTED_EDGE('',*,*,#2005,.F.);
#2005 = EDGE_CURVE('',#1893,#1984,#2006,.T.);
#2006 = SURFACE_CURVE('',#2007,(#2012,#2019),.PCURVE_S1.);
#2007 = CIRCLE('',#2008,9.5);
#2008 = AXIS2_PLACEMENT_3D('',#2009,#2010,#2011);
#2009 = CARTESIAN_POINT('',(-2.553522313303E-16,3.000008427734,0.));
#2010 = DIRECTION('',(7.029086320394E-15,-1.,-1.124240620753E-15));
#2011 = DIRECTION('',(-0.999999943236,-7.029464723298E-15,
    3.369402409015E-04));
#2012 = PCURVE('',#1902,#2013);
#2013 = DEFINITIONAL_REPRESENTATION('',(#2014),#2018);
#2014 = LINE('',#2015,#2016);
#2015 = CARTESIAN_POINT('',(6.283522247427,-2.035787381368));
#2016 = VECTOR('',#2017,1.);
#2017 = DIRECTION('',(-1.,-7.916047207198E-15));
#2018 = ( GEOMETRIC_REPRESENTATION_CONTEXT(2) 
PARAMETRIC_REPRESENTATION_CONTEXT() REPRESENTATION_CONTEXT('2D SPACE',''
  ) );
#2019 = PCURVE('',#1729,#2020);
#2020 = DEFINITIONAL_REPRESENTATION('',(#2021),#2047);
#2021 = B_SPLINE_CURVE_WITH_KNOTS('',3,(#2022,#2023,#2024,#2025,#2026,
    #2027,#2028,#2029,#2030,#2031,#2032,#2033,#2034,#2035,#2036,#2037,
    #2038,#2039,#2040,#2041,#2042,#2043,#2044,#2045,#2046),
  .UNSPECIFIED.,.F.,.F.,(4,1,1,1,1,1,1,1,1,1,1,1,1,1,1,1,1,1,1,1,1,1,4),
  (0.,0.142799666072,0.285599332145,0.428398998217,0.571198664289,
    0.713998330361,0.856797996434,0.999597662506,1.142397328578,
    1.28519699465,1.427996660723,1.570796326795,1.713595992867,
    1.856395658939,1.999195325012,2.141994991084,2.284794657156,
    2.427594323228,2.570393989301,2.713193655373,2.855993321445,
    2.998792987518,3.14159265359),.QUASI_UNIFORM_KNOTS.);
#2022 = CARTESIAN_POINT('',(28.901922198541,0.));
#2023 = CARTESIAN_POINT('',(29.388070055502,0.));
#2024 = CARTESIAN_POINT('',(30.332559290803,0.));
#2025 = CARTESIAN_POINT('',(31.683123128509,0.));
#2026 = CARTESIAN_POINT('',(32.985696414619,0.));
#2027 = CARTESIAN_POINT('',(34.255203462129,0.));
#2028 = CARTESIAN_POINT('',(35.505456273129,0.));
#2029 = CARTESIAN_POINT('',(36.749335165349,0.));
#2030 = CARTESIAN_POINT('',(37.999672323605,0.));
#2031 = CARTESIAN_POINT('',(39.268841982092,0.));
#2032 = CARTESIAN_POINT('',(40.572680477037,0.));
#2033 = CARTESIAN_POINT('',(41.918520868425,0.));
#2034 = CARTESIAN_POINT('',(43.352883297812,0.));
#2035 = CARTESIAN_POINT('',(44.787245727199,0.));
#2036 = CARTESIAN_POINT('',(46.133086118587,0.));
#2037 = CARTESIAN_POINT('',(47.436924613532,0.));
#2038 = CARTESIAN_POINT('',(48.70609427202,0.));
#2039 = CARTESIAN_POINT('',(49.956431430275,0.));
#2040 = CARTESIAN_POINT('',(51.200310322495,0.));
#2041 = CARTESIAN_POINT('',(52.450563133495,0.));
#2042 = CARTESIAN_POINT('',(53.720070181005,0.));
#2043 = CARTESIAN_POINT('',(55.022643467116,0.));
#2044 = CARTESIAN_POINT('',(56.373207304821,0.));
#2045 = CARTESIAN_POINT('',(57.317696540123,-0.));
#2046 = CARTESIAN_POINT('',(57.803844397083,0.));
#2047 = ( GEOMETRIC_REPRESENTATION_CONTEXT(2) 
PARAMETRIC_REPRESENTATION_CONTEXT() REPRESENTATION_CONTEXT('2D SPACE',''
  ) );
#2048 = ADVANCED_FACE('',(#2049),#1674,.T.);
#2049 = FACE_BOUND('',#2050,.T.);
#2050 = EDGE_LOOP('',(#2051,#2071,#2072,#2092));
#2051 = ORIENTED_EDGE('',*,*,#2052,.T.);
#2052 = EDGE_CURVE('',#1893,#1658,#2053,.T.);
#2053 = SURFACE_CURVE('',#2054,(#2057,#2064),.PCURVE_S1.);
#2054 = B_SPLINE_CURVE_WITH_KNOTS('',1,(#2055,#2056),.UNSPECIFIED.,.F.,
  .F.,(2,2),(0.,0.429832128862),.PIECEWISE_BEZIER_KNOTS.);
#2055 = CARTESIAN_POINT('',(-9.499999460739,3.000008427734,
    3.200932288991E-03));
#2056 = CARTESIAN_POINT('',(-9.199999477768,2.700008427734,
    3.099850215989E-03));
#2057 = PCURVE('',#1674,#2058);
#2058 = DEFINITIONAL_REPRESENTATION('',(#2059),#2063);
#2059 = LINE('',#2060,#2061);
#2060 = CARTESIAN_POINT('',(28.901922198542,-8.877984400492E-15));
#2061 = VECTOR('',#2062,1.);
#2062 = DIRECTION('',(-6.61228128889E-14,1.));
#2063 = ( GEOMETRIC_REPRESENTATION_CONTEXT(2) 
PARAMETRIC_REPRESENTATION_CONTEXT() REPRESENTATION_CONTEXT('2D SPACE',''
  ) );
#2064 = PCURVE('',#1729,#2065);
#2065 = DEFINITIONAL_REPRESENTATION('',(#2066),#2070);
#2066 = LINE('',#2067,#2068);
#2067 = CARTESIAN_POINT('',(28.901922198542,-1.069525690842E-14));
#2068 = VECTOR('',#2069,1.);
#2069 = DIRECTION('',(-8.265351611113E-14,1.));
#2070 = ( GEOMETRIC_REPRESENTATION_CONTEXT(2) 
PARAMETRIC_REPRESENTATION_CONTEXT() REPRESENTATION_CONTEXT('2D SPACE',''
  ) );
#2071 = ORIENTED_EDGE('',*,*,#1655,.F.);
#2072 = ORIENTED_EDGE('',*,*,#2073,.F.);
#2073 = EDGE_CURVE('',#1984,#1656,#2074,.T.);
#2074 = SURFACE_CURVE('',#2075,(#2078,#2085),.PCURVE_S1.);
#2075 = B_SPLINE_CURVE_WITH_KNOTS('',1,(#2076,#2077),.UNSPECIFIED.,.F.,
  .F.,(2,2),(0.,0.429832128862),.PIECEWISE_BEZIER_KNOTS.);
#2076 = CARTESIAN_POINT('',(9.499999460738,3.000008427734,
    -3.20093228801E-03));
#2077 = CARTESIAN_POINT('',(9.199999477768,2.700008427734,
    -3.099850216003E-03));
#2078 = PCURVE('',#1674,#2079);
#2079 = DEFINITIONAL_REPRESENTATION('',(#2080),#2084);
#2080 = LINE('',#2081,#2082);
#2081 = CARTESIAN_POINT('',(1.130527328242E-14,7.653311379863E-14));
#2082 = VECTOR('',#2083,1.);
#2083 = DIRECTION('',(-4.035910020681E-14,1.));
#2084 = ( GEOMETRIC_REPRESENTATION_CONTEXT(2) 
PARAMETRIC_REPRESENTATION_CONTEXT() REPRESENTATION_CONTEXT('2D SPACE',''
  ) );
#2085 = PCURVE('',#1729,#2086);
#2086 = DEFINITIONAL_REPRESENTATION('',(#2087),#2091);
#2087 = LINE('',#2088,#2089);
#2088 = CARTESIAN_POINT('',(57.803844397083,7.368986055036E-14));
#2089 = VECTOR('',#2090,1.);
#2090 = DIRECTION('',(0.,1.));
#2091 = ( GEOMETRIC_REPRESENTATION_CONTEXT(2) 
PARAMETRIC_REPRESENTATION_CONTEXT() REPRESENTATION_CONTEXT('2D SPACE',''
  ) );
#2092 = ORIENTED_EDGE('',*,*,#2093,.T.);
#2093 = EDGE_CURVE('',#1984,#1893,#2094,.T.);
#2094 = SURFACE_CURVE('',#2095,(#2100,#2129),.PCURVE_S1.);
#2095 = CIRCLE('',#2096,9.5);
#2096 = AXIS2_PLACEMENT_3D('',#2097,#2098,#2099);
#2097 = CARTESIAN_POINT('',(-2.553522313303E-16,3.000008427734,0.));
#2098 = DIRECTION('',(7.029086320394E-15,-1.,-1.124240620753E-15));
#2099 = DIRECTION('',(0.999999943236,7.029464723298E-15,
    -3.36940240897E-04));
#2100 = PCURVE('',#1674,#2101);
#2101 = DEFINITIONAL_REPRESENTATION('',(#2102),#2128);
#2102 = B_SPLINE_CURVE_WITH_KNOTS('',3,(#2103,#2104,#2105,#2106,#2107,
    #2108,#2109,#2110,#2111,#2112,#2113,#2114,#2115,#2116,#2117,#2118,
    #2119,#2120,#2121,#2122,#2123,#2124,#2125,#2126,#2127),
  .UNSPECIFIED.,.F.,.F.,(4,1,1,1,1,1,1,1,1,1,1,1,1,1,1,1,1,1,1,1,1,1,4),
  (0.,0.142799666072,0.285599332145,0.428398998217,0.571198664289,
    0.713998330361,0.856797996434,0.999597662506,1.142397328578,
    1.28519699465,1.427996660723,1.570796326795,1.713595992867,
    1.856395658939,1.999195325012,2.141994991084,2.284794657156,
    2.427594323228,2.570393989301,2.713193655373,2.855993321445,
    2.998792987518,3.14159265359),.QUASI_UNIFORM_KNOTS.);
#2103 = CARTESIAN_POINT('',(0.,0.));
#2104 = CARTESIAN_POINT('',(0.48614785696,0.));
#2105 = CARTESIAN_POINT('',(1.430637092261,0.));
#2106 = CARTESIAN_POINT('',(2.781200929967,0.));
#2107 = CARTESIAN_POINT('',(4.083774216077,0.));
#2108 = CARTESIAN_POINT('',(5.353281263587,0.));
#2109 = CARTESIAN_POINT('',(6.603534074587,0.));
#2110 = CARTESIAN_POINT('',(7.847412966807,0.));
#2111 = CARTESIAN_POINT('',(9.097750125063,0.));
#2112 = CARTESIAN_POINT('',(10.36691978355,0.));
#2113 = CARTESIAN_POINT('',(11.670758278496,0.));
#2114 = CARTESIAN_POINT('',(13.016598669884,0.));
#2115 = CARTESIAN_POINT('',(14.450961099271,0.));
#2116 = CARTESIAN_POINT('',(15.885323528658,0.));
#2117 = CARTESIAN_POINT('',(17.231163920046,0.));
#2118 = CARTESIAN_POINT('',(18.535002414991,0.));
#2119 = CARTESIAN_POINT('',(19.804172073478,0.));
#2120 = CARTESIAN_POINT('',(21.054509231734,0.));
#2121 = CARTESIAN_POINT('',(22.298388123954,0.));
#2122 = CARTESIAN_POINT('',(23.548640934954,0.));
#2123 = CARTESIAN_POINT('',(24.818147982464,0.));
#2124 = CARTESIAN_POINT('',(26.120721268575,0.));
#2125 = CARTESIAN_POINT('',(27.471285106281,0.));
#2126 = CARTESIAN_POINT('',(28.415774341582,-0.));
#2127 = CARTESIAN_POINT('',(28.901922198541,0.));
#2128 = ( GEOMETRIC_REPRESENTATION_CONTEXT(2) 
PARAMETRIC_REPRESENTATION_CONTEXT() REPRESENTATION_CONTEXT('2D SPACE',''
  ) );
#2129 = PCURVE('',#1914,#2130);
#2130 = DEFINITIONAL_REPRESENTATION('',(#2131),#2135);
#2131 = LINE('',#2132,#2133);
#2132 = CARTESIAN_POINT('',(3.141929593837,-2.035787381368));
#2133 = VECTOR('',#2134,1.);
#2134 = DIRECTION('',(-1.,7.916047207198E-15));
#2135 = ( GEOMETRIC_REPRESENTATION_CONTEXT(2) 
PARAMETRIC_REPRESENTATION_CONTEXT() REPRESENTATION_CONTEXT('2D SPACE',''
  ) );
#2136 = ADVANCED_FACE('',(#2137,#2250,#2275,#2300,#2325,#2350),#1170,.T.
  );
#2137 = FACE_BOUND('',#2138,.T.);
#2138 = EDGE_LOOP('',(#2139,#2191));
#2139 = ORIENTED_EDGE('',*,*,#2140,.F.);
#2140 = EDGE_CURVE('',#2141,#2143,#2145,.T.);
#2141 = VERTEX_POINT('',#2142);
#2142 = CARTESIAN_POINT('',(-9.199999477768,6.200008427734,
    3.099850216998E-03));
#2143 = VERTEX_POINT('',#2144);
#2144 = CARTESIAN_POINT('',(9.199999477768,6.200008427734,
    -3.099850216003E-03));
#2145 = SURFACE_CURVE('',#2146,(#2151,#2162),.PCURVE_S1.);
#2146 = CIRCLE('',#2147,9.2);
#2147 = AXIS2_PLACEMENT_3D('',#2148,#2149,#2150);
#2148 = CARTESIAN_POINT('',(-1.142974613208E-13,6.200008427734,0.));
#2149 = DIRECTION('',(7.061593110265E-15,-1.,-1.16083558381E-15));
#2150 = DIRECTION('',(-0.999999943236,-7.06198384164E-15,
    3.369402409147E-04));
#2151 = PCURVE('',#1170,#2152);
#2152 = DEFINITIONAL_REPRESENTATION('',(#2153),#2161);
#2153 = ( BOUNDED_CURVE() B_SPLINE_CURVE(2,(#2154,#2155,#2156,#2157,
#2158,#2159,#2160),.UNSPECIFIED.,.T.,.F.) B_SPLINE_CURVE_WITH_KNOTS((1,2
    ,2,2,2,1),(-2.094395102393,0.,2.094395102393,4.188790204786,
6.28318530718,8.377580409573),.UNSPECIFIED.) CURVE() 
GEOMETRIC_REPRESENTATION_ITEM() RATIONAL_B_SPLINE_CURVE((1.,0.5,1.,0.5,
1.,0.5,1.)) REPRESENTATION_ITEM('') );
#2154 = CARTESIAN_POINT('',(-12.49888738765,-3.304211565688));
#2155 = CARTESIAN_POINT('',(3.435979137451,-3.298842467618));
#2156 = CARTESIAN_POINT('',(-4.526804349775,-17.1015262333));
#2157 = CARTESIAN_POINT('',(-12.489587837,-30.90420999899));
#2158 = CARTESIAN_POINT('',(-20.46167087487,-17.10689533137));
#2159 = CARTESIAN_POINT('',(-28.43375391275,-3.309580663759));
#2160 = CARTESIAN_POINT('',(-12.49888738765,-3.304211565688));
#2161 = ( GEOMETRIC_REPRESENTATION_CONTEXT(2) 
PARAMETRIC_REPRESENTATION_CONTEXT() REPRESENTATION_CONTEXT('2D SPACE',''
  ) );
#2162 = PCURVE('',#1943,#2163);
#2163 = DEFINITIONAL_REPRESENTATION('',(#2164),#2190);
#2164 = B_SPLINE_CURVE_WITH_KNOTS('',3,(#2165,#2166,#2167,#2168,#2169,
    #2170,#2171,#2172,#2173,#2174,#2175,#2176,#2177,#2178,#2179,#2180,
    #2181,#2182,#2183,#2184,#2185,#2186,#2187,#2188,#2189),
  .UNSPECIFIED.,.F.,.F.,(4,1,1,1,1,1,1,1,1,1,1,1,1,1,1,1,1,1,1,1,1,1,4),
  (0.,0.142799666072,0.285599332145,0.428398998217,0.571198664289,
    0.713998330361,0.856797996434,0.999597662506,1.142397328578,
    1.28519699465,1.427996660723,1.570796326795,1.713595992867,
    1.856395658939,1.999195325012,2.141994991084,2.284794657156,
    2.427594323228,2.570393989301,2.713193655373,2.855993321445,
    2.998792987518,3.14159265359),.QUASI_UNIFORM_KNOTS.);
#2165 = CARTESIAN_POINT('',(0.429832128862,28.901922198541));
#2166 = CARTESIAN_POINT('',(0.429832128862,29.388070055502));
#2167 = CARTESIAN_POINT('',(0.429832128862,30.332559290804));
#2168 = CARTESIAN_POINT('',(0.429832128862,31.683123128509));
#2169 = CARTESIAN_POINT('',(0.429832128862,32.985696414619));
#2170 = CARTESIAN_POINT('',(0.429832128862,34.255203462129));
#2171 = CARTESIAN_POINT('',(0.429832128862,35.505456273129));
#2172 = CARTESIAN_POINT('',(0.429832128862,36.749335165349));
#2173 = CARTESIAN_POINT('',(0.429832128862,37.999672323605));
#2174 = CARTESIAN_POINT('',(0.429832128862,39.268841982092));
#2175 = CARTESIAN_POINT('',(0.429832128862,40.572680477038));
#2176 = CARTESIAN_POINT('',(0.429832128862,41.918520868426));
#2177 = CARTESIAN_POINT('',(0.429832128862,43.352883297812));
#2178 = CARTESIAN_POINT('',(0.429832128862,44.787245727199));
#2179 = CARTESIAN_POINT('',(0.429832128862,46.133086118587));
#2180 = CARTESIAN_POINT('',(0.429832128862,47.436924613532));
#2181 = CARTESIAN_POINT('',(0.429832128862,48.70609427202));
#2182 = CARTESIAN_POINT('',(0.429832128862,49.956431430275));
#2183 = CARTESIAN_POINT('',(0.429832128862,51.200310322495));
#2184 = CARTESIAN_POINT('',(0.429832128862,52.450563133495));
#2185 = CARTESIAN_POINT('',(0.429832128862,53.720070181005));
#2186 = CARTESIAN_POINT('',(0.429832128862,55.022643467116));
#2187 = CARTESIAN_POINT('',(0.429832128862,56.373207304821));
#2188 = CARTESIAN_POINT('',(0.429832128862,57.317696540123));
#2189 = CARTESIAN_POINT('',(0.429832128862,57.803844397083));
#2190 = ( GEOMETRIC_REPRESENTATION_CONTEXT(2) 
PARAMETRIC_REPRESENTATION_CONTEXT() REPRESENTATION_CONTEXT('2D SPACE',''
  ) );
#2191 = ORIENTED_EDGE('',*,*,#2192,.F.);
#2192 = EDGE_CURVE('',#2143,#2141,#2193,.T.);
#2193 = SURFACE_CURVE('',#2194,(#2199,#2210),.PCURVE_S1.);
#2194 = CIRCLE('',#2195,9.2);
#2195 = AXIS2_PLACEMENT_3D('',#2196,#2197,#2198);
#2196 = CARTESIAN_POINT('',(-2.137734443272E-13,6.200008427734,0.));
#2197 = DIRECTION('',(7.061723224635E-15,-1.,-7.746710754257E-16));
#2198 = DIRECTION('',(0.999999943236,7.06198384164E-15,
    -3.369402408977E-04));
#2199 = PCURVE('',#1170,#2200);
#2200 = DEFINITIONAL_REPRESENTATION('',(#2201),#2209);
#2201 = ( BOUNDED_CURVE() B_SPLINE_CURVE(2,(#2202,#2203,#2204,#2205,
#2206,#2207,#2208),.UNSPECIFIED.,.T.,.F.) B_SPLINE_CURVE_WITH_KNOTS((1,2
    ,2,2,2,1),(-2.094395102393,0.,2.094395102393,4.188790204786,
6.28318530718,8.377580409573),.UNSPECIFIED.) CURVE() 
GEOMETRIC_REPRESENTATION_ITEM() RATIONAL_B_SPLINE_CURVE((1.,0.5,1.,0.5,
1.,0.5,1.)) REPRESENTATION_ITEM('') );
#2202 = CARTESIAN_POINT('',(-12.49268768721,-21.70421052122));
#2203 = CARTESIAN_POINT('',(-28.42755421231,-21.70957961929));
#2204 = CARTESIAN_POINT('',(-20.46477072509,-7.906895853608));
#2205 = CARTESIAN_POINT('',(-12.50198723786,5.89578791208));
#2206 = CARTESIAN_POINT('',(-4.529904199992,-7.901526755537));
#2207 = CARTESIAN_POINT('',(3.442178837884,-21.69884142315));
#2208 = CARTESIAN_POINT('',(-12.49268768721,-21.70421052122));
#2209 = ( GEOMETRIC_REPRESENTATION_CONTEXT(2) 
PARAMETRIC_REPRESENTATION_CONTEXT() REPRESENTATION_CONTEXT('2D SPACE',''
  ) );
#2210 = PCURVE('',#2211,#2222);
#2211 = ( BOUNDED_SURFACE() B_SPLINE_SURFACE(1,2,(
    (#2212,#2213,#2214,#2215,#2216)
    ,(#2217,#2218,#2219,#2220,#2221
)),.UNSPECIFIED.,.F.,.F.,.F.) B_SPLINE_SURFACE_WITH_KNOTS((2,2),(3,2,3),
  (0.,0.429832128862),(0.,14.450961099271,28.901922198541),
.UNSPECIFIED.) GEOMETRIC_REPRESENTATION_ITEM() RATIONAL_B_SPLINE_SURFACE
((
    (1.,0.707106781187,1.,0.707106781187,1.)
,(1.,0.707106781187,1.,0.707106781187,1.
))) REPRESENTATION_ITEM('') SURFACE() );
#2212 = CARTESIAN_POINT('',(9.499999460738,5.900008427734,
    -3.20093228801E-03));
#2213 = CARTESIAN_POINT('',(9.503200393027,5.900008427733,9.49679852845)
  );
#2214 = CARTESIAN_POINT('',(3.200932288393E-03,5.900008427732,
    9.499999460739));
#2215 = CARTESIAN_POINT('',(-9.49679852845,5.90000842773,9.503200393027)
  );
#2216 = CARTESIAN_POINT('',(-9.499999460739,5.900008427732,
    3.200932288991E-03));
#2217 = CARTESIAN_POINT('',(9.199999477768,6.200008427734,
    -3.099850216003E-03));
#2218 = CARTESIAN_POINT('',(9.203099327984,6.200008427733,9.196899627552
    ));
#2219 = CARTESIAN_POINT('',(3.099850216187E-03,6.200008427732,
    9.199999477768));
#2220 = CARTESIAN_POINT('',(-9.196899627552,6.20000842773,9.203099327985
    ));
#2221 = CARTESIAN_POINT('',(-9.199999477768,6.200008427732,
    3.099850216998E-03));
#2222 = DEFINITIONAL_REPRESENTATION('',(#2223),#2249);
#2223 = B_SPLINE_CURVE_WITH_KNOTS('',3,(#2224,#2225,#2226,#2227,#2228,
    #2229,#2230,#2231,#2232,#2233,#2234,#2235,#2236,#2237,#2238,#2239,
    #2240,#2241,#2242,#2243,#2244,#2245,#2246,#2247,#2248),
  .UNSPECIFIED.,.F.,.F.,(4,1,1,1,1,1,1,1,1,1,1,1,1,1,1,1,1,1,1,1,1,1,4),
  (0.,0.142799666072,0.285599332145,0.428398998217,0.571198664289,
    0.713998330361,0.856797996434,0.999597662506,1.142397328578,
    1.28519699465,1.427996660723,1.570796326795,1.713595992867,
    1.856395658939,1.999195325012,2.141994991084,2.284794657156,
    2.427594323228,2.570393989301,2.713193655373,2.855993321445,
    2.998792987518,3.14159265359),.QUASI_UNIFORM_KNOTS.);
#2224 = CARTESIAN_POINT('',(0.429832128862,0.));
#2225 = CARTESIAN_POINT('',(0.429832128862,0.48614785696));
#2226 = CARTESIAN_POINT('',(0.429832128862,1.430637092261));
#2227 = CARTESIAN_POINT('',(0.429832128862,2.781200929967));
#2228 = CARTESIAN_POINT('',(0.429832128862,4.083774216077));
#2229 = CARTESIAN_POINT('',(0.429832128862,5.353281263587));
#2230 = CARTESIAN_POINT('',(0.429832128862,6.603534074587));
#2231 = CARTESIAN_POINT('',(0.429832128862,7.847412966807));
#2232 = CARTESIAN_POINT('',(0.429832128862,9.097750125063));
#2233 = CARTESIAN_POINT('',(0.429832128862,10.366919783551));
#2234 = CARTESIAN_POINT('',(0.429832128862,11.670758278496));
#2235 = CARTESIAN_POINT('',(0.429832128862,13.016598669884));
#2236 = CARTESIAN_POINT('',(0.429832128862,14.450961099271));
#2237 = CARTESIAN_POINT('',(0.429832128862,15.885323528658));
#2238 = CARTESIAN_POINT('',(0.429832128862,17.231163920046));
#2239 = CARTESIAN_POINT('',(0.429832128862,18.535002414991));
#2240 = CARTESIAN_POINT('',(0.429832128862,19.804172073479));
#2241 = CARTESIAN_POINT('',(0.429832128862,21.054509231734));
#2242 = CARTESIAN_POINT('',(0.429832128862,22.298388123954));
#2243 = CARTESIAN_POINT('',(0.429832128862,23.548640934955));
#2244 = CARTESIAN_POINT('',(0.429832128862,24.818147982465));
#2245 = CARTESIAN_POINT('',(0.429832128862,26.120721268575));
#2246 = CARTESIAN_POINT('',(0.429832128862,27.471285106281));
#2247 = CARTESIAN_POINT('',(0.429832128862,28.415774341582));
#2248 = CARTESIAN_POINT('',(0.429832128862,28.901922198541));
#2249 = ( GEOMETRIC_REPRESENTATION_CONTEXT(2) 
PARAMETRIC_REPRESENTATION_CONTEXT() REPRESENTATION_CONTEXT('2D SPACE',''
  ) );
#2250 = FACE_BOUND('',#2251,.T.);
#2251 = EDGE_LOOP('',(#2252,#2253));
#2252 = ORIENTED_EDGE('',*,*,#1155,.F.);
#2253 = ORIENTED_EDGE('',*,*,#2254,.F.);
#2254 = EDGE_CURVE('',#1136,#1076,#2255,.T.);
#2255 = SURFACE_CURVE('',#2256,(#2261,#2268),.PCURVE_S1.);
#2256 = CIRCLE('',#2257,1.6);
#2257 = AXIS2_PLACEMENT_3D('',#2258,#2259,#2260);
#2258 = CARTESIAN_POINT('',(-1.142974613208E-13,6.200008427734,0.));
#2259 = DIRECTION('',(-6.663208226712E-16,1.,-5.549244413954E-16));
#2260 = DIRECTION('',(0.999999943236,6.661338084729E-16,
    -3.36940240917E-04));
#2261 = PCURVE('',#1170,#2262);
#2262 = DEFINITIONAL_REPRESENTATION('',(#2263),#2267);
#2263 = CIRCLE('',#2264,1.6);
#2264 = AXIS2_PLACEMENT_2D('',#2265,#2266);
#2265 = CARTESIAN_POINT('',(-12.49578753743,-12.50421104345));
#2266 = DIRECTION('',(3.36940240917E-04,-0.999999943236));
#2267 = ( GEOMETRIC_REPRESENTATION_CONTEXT(2) 
PARAMETRIC_REPRESENTATION_CONTEXT() REPRESENTATION_CONTEXT('2D SPACE',''
  ) );
#2268 = PCURVE('',#1096,#2269);
#2269 = DEFINITIONAL_REPRESENTATION('',(#2270),#2274);
#2270 = LINE('',#2271,#2272);
#2271 = CARTESIAN_POINT('',(4.712052040137,-9.1531161858));
#2272 = VECTOR('',#2273,1.);
#2273 = DIRECTION('',(-1.,0.));
#2274 = ( GEOMETRIC_REPRESENTATION_CONTEXT(2) 
PARAMETRIC_REPRESENTATION_CONTEXT() REPRESENTATION_CONTEXT('2D SPACE',''
  ) );
#2275 = FACE_BOUND('',#2276,.T.);
#2276 = EDGE_LOOP('',(#2277,#2299));
#2277 = ORIENTED_EDGE('',*,*,#2278,.F.);
#2278 = EDGE_CURVE('',#1188,#1220,#2279,.T.);
#2279 = SURFACE_CURVE('',#2280,(#2285,#2292),.PCURVE_S1.);
#2280 = CIRCLE('',#2281,0.8);
#2281 = AXIS2_PLACEMENT_3D('',#2282,#2283,#2284);
#2282 = CARTESIAN_POINT('',(2.358581492998E-03,6.200008427734,
    6.999999602649));
#2283 = DIRECTION('',(-3.451558951134E-14,1.,3.664895417616E-14));
#2284 = DIRECTION('',(-0.999999943236,-3.452793605954E-14,
    3.369402410769E-04));
#2285 = PCURVE('',#1170,#2286);
#2286 = DEFINITIONAL_REPRESENTATION('',(#2287),#2291);
#2287 = CIRCLE('',#2288,0.8);
#2288 = AXIS2_PLACEMENT_2D('',#2289,#2290);
#2289 = CARTESIAN_POINT('',(-19.49578714008,-12.50656962495));
#2290 = DIRECTION('',(-3.369402410769E-04,0.999999943236));
#2291 = ( GEOMETRIC_REPRESENTATION_CONTEXT(2) 
PARAMETRIC_REPRESENTATION_CONTEXT() REPRESENTATION_CONTEXT('2D SPACE',''
  ) );
#2292 = PCURVE('',#1207,#2293);
#2293 = DEFINITIONAL_REPRESENTATION('',(#2294),#2298);
#2294 = LINE('',#2295,#2296);
#2295 = CARTESIAN_POINT('',(1.571133267041,3.7075669805));
#2296 = VECTOR('',#2297,1.);
#2297 = DIRECTION('',(1.,-5.65431943371E-16));
#2298 = ( GEOMETRIC_REPRESENTATION_CONTEXT(2) 
PARAMETRIC_REPRESENTATION_CONTEXT() REPRESENTATION_CONTEXT('2D SPACE',''
  ) );
#2299 = ORIENTED_EDGE('',*,*,#1219,.F.);
#2300 = FACE_BOUND('',#2301,.T.);
#2301 = EDGE_LOOP('',(#2302,#2324));
#2302 = ORIENTED_EDGE('',*,*,#2303,.F.);
#2303 = EDGE_CURVE('',#1297,#1329,#2304,.T.);
#2304 = SURFACE_CURVE('',#2305,(#2310,#2317),.PCURVE_S1.);
#2305 = CIRCLE('',#2306,0.8);
#2306 = AXIS2_PLACEMENT_3D('',#2307,#2308,#2309);
#2307 = CARTESIAN_POINT('',(6.999999602649,6.200008427734,
    -2.358581593001E-03));
#2308 = DIRECTION('',(9.995747379548E-16,1.,1.10984888279E-15));
#2309 = DIRECTION('',(-0.999999943236,9.992007284645E-16,
    3.369402410413E-04));
#2310 = PCURVE('',#1170,#2311);
#2311 = DEFINITIONAL_REPRESENTATION('',(#2312),#2316);
#2312 = CIRCLE('',#2313,0.8);
#2313 = AXIS2_PLACEMENT_2D('',#2314,#2315);
#2314 = CARTESIAN_POINT('',(-12.49342895584,-19.5042106461));
#2315 = DIRECTION('',(-3.369402410413E-04,0.999999943236));
#2316 = ( GEOMETRIC_REPRESENTATION_CONTEXT(2) 
PARAMETRIC_REPRESENTATION_CONTEXT() REPRESENTATION_CONTEXT('2D SPACE',''
  ) );
#2317 = PCURVE('',#1316,#2318);
#2318 = DEFINITIONAL_REPRESENTATION('',(#2319),#2323);
#2319 = LINE('',#2320,#2321);
#2320 = CARTESIAN_POINT('',(1.571133267042,3.7075669805));
#2321 = VECTOR('',#2322,1.);
#2322 = DIRECTION('',(1.,-5.654319433715E-16));
#2323 = ( GEOMETRIC_REPRESENTATION_CONTEXT(2) 
PARAMETRIC_REPRESENTATION_CONTEXT() REPRESENTATION_CONTEXT('2D SPACE',''
  ) );
#2324 = ORIENTED_EDGE('',*,*,#1328,.F.);
#2325 = FACE_BOUND('',#2326,.T.);
#2326 = EDGE_LOOP('',(#2327,#2349));
#2327 = ORIENTED_EDGE('',*,*,#2328,.F.);
#2328 = EDGE_CURVE('',#1406,#1438,#2329,.T.);
#2329 = SURFACE_CURVE('',#2330,(#2335,#2342),.PCURVE_S1.);
#2330 = CIRCLE('',#2331,0.8);
#2331 = AXIS2_PLACEMENT_3D('',#2332,#2333,#2334);
#2332 = CARTESIAN_POINT('',(-2.358581686409E-03,6.200008427734,
    -6.99999960265));
#2333 = DIRECTION('',(9.995747379548E-16,1.,1.109848882791E-15));
#2334 = DIRECTION('',(-0.999999943236,9.992007284644E-16,
    3.369402411301E-04));
#2335 = PCURVE('',#1170,#2336);
#2336 = DEFINITIONAL_REPRESENTATION('',(#2337),#2341);
#2337 = CIRCLE('',#2338,0.8);
#2338 = AXIS2_PLACEMENT_2D('',#2339,#2340);
#2339 = CARTESIAN_POINT('',(-5.495787934785,-12.50185246177));
#2340 = DIRECTION('',(-3.369402411301E-04,0.999999943236));
#2341 = ( GEOMETRIC_REPRESENTATION_CONTEXT(2) 
PARAMETRIC_REPRESENTATION_CONTEXT() REPRESENTATION_CONTEXT('2D SPACE',''
  ) );
#2342 = PCURVE('',#1425,#2343);
#2343 = DEFINITIONAL_REPRESENTATION('',(#2344),#2348);
#2344 = LINE('',#2345,#2346);
#2345 = CARTESIAN_POINT('',(1.571133267042,3.7075669805));
#2346 = VECTOR('',#2347,1.);
#2347 = DIRECTION('',(1.,-1.809382218788E-14));
#2348 = ( GEOMETRIC_REPRESENTATION_CONTEXT(2) 
PARAMETRIC_REPRESENTATION_CONTEXT() REPRESENTATION_CONTEXT('2D SPACE',''
  ) );
#2349 = ORIENTED_EDGE('',*,*,#1437,.F.);
#2350 = FACE_BOUND('',#2351,.T.);
#2351 = EDGE_LOOP('',(#2352,#2374));
#2352 = ORIENTED_EDGE('',*,*,#2353,.F.);
#2353 = EDGE_CURVE('',#1515,#1547,#2354,.T.);
#2354 = SURFACE_CURVE('',#2355,(#2360,#2367),.PCURVE_S1.);
#2355 = CIRCLE('',#2356,0.8);
#2356 = AXIS2_PLACEMENT_3D('',#2357,#2358,#2359);
#2357 = CARTESIAN_POINT('',(-6.99999960265,6.200008427734,
    2.358581685996E-03));
#2358 = DIRECTION('',(9.995747379548E-16,1.,1.109848882791E-15));
#2359 = DIRECTION('',(-0.999999943236,9.992007284645E-16,
    3.369402410769E-04));
#2360 = PCURVE('',#1170,#2361);
#2361 = DEFINITIONAL_REPRESENTATION('',(#2362),#2366);
#2362 = CIRCLE('',#2363,0.8);
#2363 = AXIS2_PLACEMENT_2D('',#2364,#2365);
#2364 = CARTESIAN_POINT('',(-12.49814611912,-5.504211440807));
#2365 = DIRECTION('',(-3.369402410769E-04,0.999999943236));
#2366 = ( GEOMETRIC_REPRESENTATION_CONTEXT(2) 
PARAMETRIC_REPRESENTATION_CONTEXT() REPRESENTATION_CONTEXT('2D SPACE',''
  ) );
#2367 = PCURVE('',#1534,#2368);
#2368 = DEFINITIONAL_REPRESENTATION('',(#2369),#2373);
#2369 = LINE('',#2370,#2371);
#2370 = CARTESIAN_POINT('',(1.571133267042,3.7075669805));
#2371 = VECTOR('',#2372,1.);
#2372 = DIRECTION('',(1.,-5.654319433715E-16));
#2373 = ( GEOMETRIC_REPRESENTATION_CONTEXT(2) 
PARAMETRIC_REPRESENTATION_CONTEXT() REPRESENTATION_CONTEXT('2D SPACE',''
  ) );
#2374 = ORIENTED_EDGE('',*,*,#1546,.F.);
#2375 = ADVANCED_FACE('',(#2376),#2211,.T.);
#2376 = FACE_BOUND('',#2377,.T.);
#2377 = EDGE_LOOP('',(#2378,#2422,#2442,#2443));
#2378 = ORIENTED_EDGE('',*,*,#2379,.F.);
#2379 = EDGE_CURVE('',#1927,#1895,#2380,.T.);
#2380 = SURFACE_CURVE('',#2381,(#2386,#2415),.PCURVE_S1.);
#2381 = CIRCLE('',#2382,9.5);
#2382 = AXIS2_PLACEMENT_3D('',#2383,#2384,#2385);
#2383 = CARTESIAN_POINT('',(-1.142641546301E-13,5.900008427734,0.));
#2384 = DIRECTION('',(7.029086320394E-15,-1.,-1.124240620753E-15));
#2385 = DIRECTION('',(0.999999943236,7.029464723298E-15,
    -3.369402408985E-04));
#2386 = PCURVE('',#2211,#2387);
#2387 = DEFINITIONAL_REPRESENTATION('',(#2388),#2414);
#2388 = B_SPLINE_CURVE_WITH_KNOTS('',3,(#2389,#2390,#2391,#2392,#2393,
    #2394,#2395,#2396,#2397,#2398,#2399,#2400,#2401,#2402,#2403,#2404,
    #2405,#2406,#2407,#2408,#2409,#2410,#2411,#2412,#2413),
  .UNSPECIFIED.,.F.,.F.,(4,1,1,1,1,1,1,1,1,1,1,1,1,1,1,1,1,1,1,1,1,1,4),
  (0.,0.142799666072,0.285599332145,0.428398998217,0.571198664289,
    0.713998330361,0.856797996434,0.999597662506,1.142397328578,
    1.28519699465,1.427996660723,1.570796326795,1.713595992867,
    1.856395658939,1.999195325012,2.141994991084,2.284794657156,
    2.427594323228,2.570393989301,2.713193655373,2.855993321445,
    2.998792987518,3.14159265359),.QUASI_UNIFORM_KNOTS.);
#2389 = CARTESIAN_POINT('',(0.,0.));
#2390 = CARTESIAN_POINT('',(0.,0.48614785696));
#2391 = CARTESIAN_POINT('',(0.,1.430637092261));
#2392 = CARTESIAN_POINT('',(0.,2.781200929967));
#2393 = CARTESIAN_POINT('',(0.,4.083774216077));
#2394 = CARTESIAN_POINT('',(0.,5.353281263587));
#2395 = CARTESIAN_POINT('',(0.,6.603534074587));
#2396 = CARTESIAN_POINT('',(0.,7.847412966807));
#2397 = CARTESIAN_POINT('',(0.,9.097750125063));
#2398 = CARTESIAN_POINT('',(0.,10.36691978355));
#2399 = CARTESIAN_POINT('',(0.,11.670758278496));
#2400 = CARTESIAN_POINT('',(0.,13.016598669884));
#2401 = CARTESIAN_POINT('',(0.,14.450961099271));
#2402 = CARTESIAN_POINT('',(0.,15.885323528657));
#2403 = CARTESIAN_POINT('',(0.,17.231163920046));
#2404 = CARTESIAN_POINT('',(0.,18.535002414991));
#2405 = CARTESIAN_POINT('',(0.,19.804172073478));
#2406 = CARTESIAN_POINT('',(0.,21.054509231734));
#2407 = CARTESIAN_POINT('',(0.,22.298388123954));
#2408 = CARTESIAN_POINT('',(0.,23.548640934954));
#2409 = CARTESIAN_POINT('',(0.,24.818147982464));
#2410 = CARTESIAN_POINT('',(0.,26.120721268575));
#2411 = CARTESIAN_POINT('',(0.,27.47128510628));
#2412 = CARTESIAN_POINT('',(-0.,28.415774341582));
#2413 = CARTESIAN_POINT('',(0.,28.901922198541));
#2414 = ( GEOMETRIC_REPRESENTATION_CONTEXT(2) 
PARAMETRIC_REPRESENTATION_CONTEXT() REPRESENTATION_CONTEXT('2D SPACE',''
  ) );
#2415 = PCURVE('',#1914,#2416);
#2416 = DEFINITIONAL_REPRESENTATION('',(#2417),#2421);
#2417 = LINE('',#2418,#2419);
#2418 = CARTESIAN_POINT('',(3.141929593837,0.864212618632));
#2419 = VECTOR('',#2420,1.);
#2420 = DIRECTION('',(-1.,7.916047207198E-15));
#2421 = ( GEOMETRIC_REPRESENTATION_CONTEXT(2) 
PARAMETRIC_REPRESENTATION_CONTEXT() REPRESENTATION_CONTEXT('2D SPACE',''
  ) );
#2422 = ORIENTED_EDGE('',*,*,#2423,.T.);
#2423 = EDGE_CURVE('',#1927,#2143,#2424,.T.);
#2424 = SURFACE_CURVE('',#2425,(#2428,#2435),.PCURVE_S1.);
#2425 = B_SPLINE_CURVE_WITH_KNOTS('',1,(#2426,#2427),.UNSPECIFIED.,.F.,
  .F.,(2,2),(0.,0.429832128862),.PIECEWISE_BEZIER_KNOTS.);
#2426 = CARTESIAN_POINT('',(9.499999460738,5.900008427734,
    -3.20093228801E-03));
#2427 = CARTESIAN_POINT('',(9.199999477768,6.200008427734,
    -3.099850216003E-03));
#2428 = PCURVE('',#2211,#2429);
#2429 = DEFINITIONAL_REPRESENTATION('',(#2430),#2434);
#2430 = LINE('',#2431,#2432);
#2431 = CARTESIAN_POINT('',(6.300189453568E-16,1.146102567353E-14));
#2432 = VECTOR('',#2433,1.);
#2433 = DIRECTION('',(1.,-4.051259756374E-14));
#2434 = ( GEOMETRIC_REPRESENTATION_CONTEXT(2) 
PARAMETRIC_REPRESENTATION_CONTEXT() REPRESENTATION_CONTEXT('2D SPACE',''
  ) );
#2435 = PCURVE('',#1943,#2436);
#2436 = DEFINITIONAL_REPRESENTATION('',(#2437),#2441);
#2437 = LINE('',#2438,#2439);
#2438 = CARTESIAN_POINT('',(-2.051283020108E-15,57.803844397083));
#2439 = VECTOR('',#2440,1.);
#2440 = DIRECTION('',(1.,-4.959210966671E-14));
#2441 = ( GEOMETRIC_REPRESENTATION_CONTEXT(2) 
PARAMETRIC_REPRESENTATION_CONTEXT() REPRESENTATION_CONTEXT('2D SPACE',''
  ) );
#2442 = ORIENTED_EDGE('',*,*,#2192,.T.);
#2443 = ORIENTED_EDGE('',*,*,#2444,.F.);
#2444 = EDGE_CURVE('',#1895,#2141,#2445,.T.);
#2445 = SURFACE_CURVE('',#2446,(#2449,#2456),.PCURVE_S1.);
#2446 = B_SPLINE_CURVE_WITH_KNOTS('',1,(#2447,#2448),.UNSPECIFIED.,.F.,
  .F.,(2,2),(0.,0.429832128862),.PIECEWISE_BEZIER_KNOTS.);
#2447 = CARTESIAN_POINT('',(-9.499999460739,5.900008427732,
    3.200932288991E-03));
#2448 = CARTESIAN_POINT('',(-9.199999477768,6.200008427732,
    3.099850216998E-03));
#2449 = PCURVE('',#2211,#2450);
#2450 = DEFINITIONAL_REPRESENTATION('',(#2451),#2455);
#2451 = LINE('',#2452,#2453);
#2452 = CARTESIAN_POINT('',(8.968116013678E-16,28.901922198541));
#2453 = VECTOR('',#2454,1.);
#2454 = DIRECTION('',(1.,0.));
#2455 = ( GEOMETRIC_REPRESENTATION_CONTEXT(2) 
PARAMETRIC_REPRESENTATION_CONTEXT() REPRESENTATION_CONTEXT('2D SPACE',''
  ) );
#2456 = PCURVE('',#1943,#2457);
#2457 = DEFINITIONAL_REPRESENTATION('',(#2458),#2462);
#2458 = LINE('',#2459,#2460);
#2459 = CARTESIAN_POINT('',(1.285495877915E-14,28.901922198541));
#2460 = VECTOR('',#2461,1.);
#2461 = DIRECTION('',(1.,3.306140644448E-14));
#2462 = ( GEOMETRIC_REPRESENTATION_CONTEXT(2) 
PARAMETRIC_REPRESENTATION_CONTEXT() REPRESENTATION_CONTEXT('2D SPACE',''
  ) );
#2463 = ADVANCED_FACE('',(#2464),#1096,.F.);
#2464 = FACE_BOUND('',#2465,.F.);
#2465 = EDGE_LOOP('',(#2466,#2467,#2468,#2469));
#2466 = ORIENTED_EDGE('',*,*,#2254,.F.);
#2467 = ORIENTED_EDGE('',*,*,#1135,.T.);
#2468 = ORIENTED_EDGE('',*,*,#1625,.T.);
#2469 = ORIENTED_EDGE('',*,*,#1075,.F.);
#2470 = ADVANCED_FACE('',(#2471),#1207,.F.);
#2471 = FACE_BOUND('',#2472,.F.);
#2472 = EDGE_LOOP('',(#2473,#2474,#2475,#2476));
#2473 = ORIENTED_EDGE('',*,*,#1772,.T.);
#2474 = ORIENTED_EDGE('',*,*,#1243,.T.);
#2475 = ORIENTED_EDGE('',*,*,#2278,.F.);
#2476 = ORIENTED_EDGE('',*,*,#1185,.F.);
#2477 = ADVANCED_FACE('',(#2478),#1316,.F.);
#2478 = FACE_BOUND('',#2479,.F.);
#2479 = EDGE_LOOP('',(#2480,#2481,#2482,#2483));
#2480 = ORIENTED_EDGE('',*,*,#1801,.T.);
#2481 = ORIENTED_EDGE('',*,*,#1352,.T.);
#2482 = ORIENTED_EDGE('',*,*,#2303,.F.);
#2483 = ORIENTED_EDGE('',*,*,#1294,.F.);
#2484 = ADVANCED_FACE('',(#2485),#1425,.F.);
#2485 = FACE_BOUND('',#2486,.F.);
#2486 = EDGE_LOOP('',(#2487,#2488,#2489,#2490));
#2487 = ORIENTED_EDGE('',*,*,#1830,.T.);
#2488 = ORIENTED_EDGE('',*,*,#1461,.T.);
#2489 = ORIENTED_EDGE('',*,*,#2328,.F.);
#2490 = ORIENTED_EDGE('',*,*,#1403,.F.);
#2491 = ADVANCED_FACE('',(#2492),#1534,.F.);
#2492 = FACE_BOUND('',#2493,.F.);
#2493 = EDGE_LOOP('',(#2494,#2495,#2496,#2497));
#2494 = ORIENTED_EDGE('',*,*,#1859,.T.);
#2495 = ORIENTED_EDGE('',*,*,#1570,.T.);
#2496 = ORIENTED_EDGE('',*,*,#2353,.F.);
#2497 = ORIENTED_EDGE('',*,*,#1512,.F.);
#2498 = ADVANCED_FACE('',(#2499),#1914,.T.);
#2499 = FACE_BOUND('',#2500,.T.);
#2500 = EDGE_LOOP('',(#2501,#2502,#2503,#2504));
#2501 = ORIENTED_EDGE('',*,*,#2093,.F.);
#2502 = ORIENTED_EDGE('',*,*,#1983,.T.);
#2503 = ORIENTED_EDGE('',*,*,#2379,.T.);
#2504 = ORIENTED_EDGE('',*,*,#1892,.F.);
#2505 = ADVANCED_FACE('',(#2506),#1729,.T.);
#2506 = FACE_BOUND('',#2507,.T.);
#2507 = EDGE_LOOP('',(#2508,#2509,#2510,#2511));
#2508 = ORIENTED_EDGE('',*,*,#2005,.T.);
#2509 = ORIENTED_EDGE('',*,*,#2073,.T.);
#2510 = ORIENTED_EDGE('',*,*,#1714,.F.);
#2511 = ORIENTED_EDGE('',*,*,#2052,.F.);
#2512 = ADVANCED_FACE('',(#2513),#1943,.T.);
#2513 = FACE_BOUND('',#2514,.T.);
#2514 = EDGE_LOOP('',(#2515,#2516,#2517,#2518));
#2515 = ORIENTED_EDGE('',*,*,#2444,.T.);
#2516 = ORIENTED_EDGE('',*,*,#2140,.T.);
#2517 = ORIENTED_EDGE('',*,*,#2423,.F.);
#2518 = ORIENTED_EDGE('',*,*,#1926,.F.);
#2519 = ( GEOMETRIC_REPRESENTATION_CONTEXT(3) 
GLOBAL_UNCERTAINTY_ASSIGNED_CONTEXT((#2523)) 
GLOBAL_UNIT_ASSIGNED_CONTEXT((#2520,#2521,#2522)) REPRESENTATION_CONTEXT
('Context #1','3D Context with UNIT and UNCERTAINTY') );
#2520 = ( LENGTH_UNIT() NAMED_UNIT(*) SI_UNIT(.MILLI.,.METRE.) );
#2521 = ( NAMED_UNIT(*) PLANE_ANGLE_UNIT() SI_UNIT($,.RADIAN.) );
#2522 = ( NAMED_UNIT(*) SI_UNIT($,.STERADIAN.) SOLID_ANGLE_UNIT() );
#2523 = UNCERTAINTY_MEASURE_WITH_UNIT(LENGTH_MEASURE(1.E-05),#2520,
  'distance_accuracy_value','confusion accuracy');
#2524 = PRODUCT_RELATED_PRODUCT_CATEGORY('part',$,(#7));
ENDSEC;
END-ISO-10303-21;
